"Title","Default language","Default text","es text","Variant status","Placeholder"
"5.2::Compatibility Matrix Card Description","English","Learn about the supported configurations for Liferay Portal 5.2.","Conoce las configuraciones compatibles con Liferay Portal 5.2","Active","dc.5_2-compatibility_matrix_card_description"
"5.2::Documentation Card Description","English","Reference the admin guide and whitepapers for Liferay Portal 5.2.","Consulta la guía de administrador y los documentos oficiales de Liferay Portal 5.2","Active","dc.5_2-documentation_card_description"
"5.2::Downloads Card Description","English","Download the archived service packs and fix packs for Liferay Portal 5.2.","Descarga los service packs y fix packs archivados para Liferay Portal 5.2","Active","dc.5_2-downloads_card_description"
"5.2::Info Banner","English","Support for Liferay Portal 5.2 has ended.","El soporte para Liferay Portal 5.2 ha finalizado","Active","dc.5_2-info_banner"
"5.2::Page Heading","English","Liferay Portal 5.2","Liferay Portal 5.2","Active","dc.5_2-page_heading"
"6.0::Compatibility Matrix Card Description","English","Learn about the supported configurations for Liferay Portal 6.0.","Conoce las configuraciones compatibles con Liferay Portal 6.0","Active","dc.6_0-compatibility_matrix_card_description"
"6.0::Documentation Card Description","English","Reference the admin guide and whitepapers for Liferay Portal 6.0.","Consulta la guía de administrador y los documentos oficiales de Liferay Portal 6.0","Active","dc.6_0-documentation_card_description"
"6.0::Downloads Card Description","English","Download the archived service packs and fix packs for Liferay Portal 6.0.","Descarga los service packs y fix packs archivados para Liferay Portal 6.0","Active","dc.6_0-downloads_card_description"
"6.0::Info Banner","English","Support for Liferay Portal 6.0 has ended.","El soporte para Liferay Portal 6.0 ha finalizado","Active","dc.6_0-info_banner"
"6.0::Page Heading","English","Liferay Portal 6.0","Liferay Portal 6.0","Active","dc.6_0-page_heading"
"6.1::Admin Guide Card Description","English","Learn how to use all the out-of-the-box features in Liferay Portal 6.1.","Aprende cómo utilizar todas las funcionalidades ""Out of the Box"" de Liferay Portal 6.1","Active","dc.6_1-admin_guide_card_description"
"6.1::Compatibility Matrix Card Description","English","Learn about the supported configurations for Liferay Portal 6.1.","Conoce las configuraciones compatibles con Liferay Portal 6.1","Active","dc.6_1-compatibility_matrix_card_description"
"6.1::Deployment Guide Card Description","English","Learn how to deploy, configure, maintain, and monitor your Liferay Portal 6.1 environments.","Aprende cómo desplegar, configurar, mantener y monitorizar tus entornos de Liferay Portal 6.1","Active","dc.6_1-deployment_guide_card_description"
"6.1::Info Banner","English","Liferay Portal 6.1 EE is now in the Limited Support Phase.","Liferay Portal 6.1 EE está actualmente en Fase de Soporte Limitado","Active","dc.6_1-info_banner"
"6.1::Latest Release Card Description","English","Download and install the latest release of Liferay Portal 6.1.","Descarga e instala la última actualización de Liferay Portal 6.1","Active","dc.6_1-latest_release_card_description"
"6.1::Page Heading","English","Liferay Portal 6.1","Liferay Portal 6.1","Active","dc.6_1-page_heading"
"6.1::Patching Tool Card Description","English","Download the patching tool to install Liferay Portal 6.1 software updates.","Descarga la Patching Tool para instalar las actualizaciones de Liferay Portal 6.1","Active","dc.6_1-patching_tool_card_description"
"6.1::Service Life Card Description","English","Reference the end of life policy for Liferay Portal 6.1.","Consulta la política de fin de ciclo de vida de Liferay Portal 6.1","Active","dc.6_1-service_life_card_description"
"6.1::Service Packs Archive Card Description","English","Access previous service pack releases for Liferay Portal 6.1.","Accede a los anteriores service packs de Liferay Portal 6.1","Active","dc.6_1-service_packs_archive_card_description"
"6.2::Activation Keys Card Description","English","Request a key for your workstation and production environments.","Solicita un código de activación para tu estación de trabajo y para los entornos de producción","Active","dc.6_2-activation_keys_card_description"
"6.2::Admin Guide Card Description","English","Learn how to use all the out-of-the-box features in Liferay Portal 6.2.","Aprende cómo utilizar todas las funcionalidades ""Out of the Box"" de Liferay Portal 6.2","Active","dc.6_2-admin_guide_card_description"
"6.2::Compatibility Matrix Card Description","English","Learn about the supported configurations for Liferay Portal 6.2.","Conoce las configuraciones compatibles con Liferay Portal 6.2","Active","dc.6_2-compatibility_matrix_card_description"
"6.2::Deployment Guide Card Description","English","Learn how to deploy, configure, maintain, and monitor your Liferay Portal 6.2 environments.","Aprende cómo desplegar, configurar, mantener y monitorizar tus entornos de Liferay Portal 6.2","Active","dc.6_2-deployment_guide_card_description"
"6.2::Developer Studio Card","English","Developer Studio","Developer Studio","Active","dc.6_2-developer_studio_card"
"6.2::Developer Studio Card Description","English","An all-in-one, integrated development environment based on Eclipse.","Un entorno de desarrollo completo e integrado basado en Eclipse","Active","dc.6_2-developer_studio_card_description"
"6.2::Fix Delivery Method Card Description","English","Learn how Liferay Support delivers maintenance and emergency updates for Liferay Portal.","Conoce cómo el Soporte de Liferay proporciona actualizaciones de mantenimiento y urgentes para Liferay Portal","Active","dc.6_2-fix_delivery_method_card_description"
"6.2::Info","English","Info:","Información:","Active","dc.6_2-info"
"6.2::Info Banner","English","Liferay Portal 6.2 EE is now in the Limited Support Phase.","Liferay Portal 6.2 EE está actualmente en Fase de Soporte Limitado","Active","dc.6_2-info_banner"
"6.2::Latest Release Card Description","English","Download and install the latest release of Liferay Portal 6.2.","Descarga e instala la última actualización de Liferay Portal 6.2","Active","dc.6_2-latest_release_card_description"
"6.2::Liferay Connected Services Card Description","English","A cloud-based management solution for maintaining a Liferay Portal infrastructure. ","Una solución basada en la nube para mantener una infraestructura Liferay Portal","Active","dc.6_2-liferay_connected_services_card_description"
"6.2::Liferay Faces Card","English","Liferay Faces","Liferay Faces","Active","dc.6_2-liferay_faces_card"
"6.2::Liferay Faces Card Description","English","A project that provides support for the JavaServer™ Faces (JSF) standard within Liferay Portal.","Un proyecto que te proporciona soporte para el estándar de JavaServer™ Faces (JSF) en Liferay Portal","Active","dc.6_2-liferay_faces_card_description"
"6.2::Mobile SDK Card","English","Mobile SDK","Mobile SDK","Active","dc.6_2-mobile_sdk_card"
"6.2::Mobile SDK Card Description","English","A framework for building native mobile apps that integrate with your different Liferay Portal instances.","Un marco para construir aplicaciones móviles nativas que se integren con las distintas instancias de Liferay Portal","Active","dc.6_2-mobile_sdk_card_description"
"6.2::Other Products Tab","English","Other Products","Otros productos","Active","dc.6_2-other_products_tab"
"6.2::Page Heading","English","Liferay Portal 6.2","Liferay Portal 6.2","Active","dc.6_2-page_heading"
"6.2::Patching Tool Card Description","English","Download the patching tool to install Liferay Portal 6.2 software updates.","Descarga la Patching Tool para instalar las actualizaciones de Liferay Portal 6.2","Active","dc.6_2-patching_tool_card_description"
"6.2::Security Advisories Card Description","English","Learn more about known security vulnerabilities and fixes for Liferay Portal.","Consulta las vulnerabilidades de seguridad conocidas y corregidas para Liferay Portal","Active","dc.6_2-security_advisories_card_description"
"6.2::Service Life Card Description","English","Reference the end of life policy for Liferay Portal 6.2.","Consulta la política de fin de ciclo de vida de Liferay Portal 6.2","Active","dc.6_2-service_life_card_description"
"6.2::Service Packs Archive Card Description","English","Access previous service pack releases for Liferay Portal 6.2.","Accede a los anteriores service packs de Liferay Portal 6.2","Active","dc.6_2-service_packs_archive_card_description"
"6.2::Social Office Card","English","Social Office","Social Office","Active","dc.6_2_social_office_card"
"6.2::Social Office Card Description","English","A workspace solution that enhances the way you and your colleagues work together.","Una solución de trabajo que mejora la forma de trabajar en equipo","Active","dc.6_2_social_office_card_description"
"7.0::Admin Guide Card Description","English","Learn how to use all the out-of-the-box features in Liferay DXP 7.0.","Aprende cómo utilizar todas las funcionalidades ""Out of the Box"" de Liferay DXP 7.0","Active","dc.7_0-admin_guide_card_description"
"7.0::Compatibility Matrix Card Description","English","Learn about the supported configurations for Liferay DXP 7.0.","Conoce las configuraciones compatibles con Liferay DXP 7.0","Active","dc.7_0-compatibility_matrix_card_description"
"7.0::Deployment Guide Card Description","English","Learn how to deploy, configure, maintain, and monitor your Liferay DXP 7.0 environments.","Aprende cómo desplegar, configurar, mantener y monitorizar tus entornos de Liferay DXP 7.0","Active","dc.7_0-deployment_guide_card_description"
"7.0::Latest Release Card Description","English","Download  and install the latest release of Liferay DXP 7.0.","Descarga e instala la última actualización de Liferay DXP 7.0","Active","dc.7_0-latest_release_card_description"
"7.0::Page Heading","English","Liferay Digital Experience Platform 7.0","Liferay Digital Experience Platform 7.0","Active","dc.7_0-page_heading"
"7.0::Patching Tool Card Description","English","Download the patching tool to install Liferay DXP 7.0 software updates.","Descarga la Patching Tool para instalar las actualizaciones de Liferay DXP 7.0","Active","dc.7_0-patching_tool_card_description"
"7.0::Service Life Card Description","English","Reference the end of life policy for Liferay DXP 7.0.","Consulta la política de fin de ciclo de vida de Liferay DXP 7.0","Active","dc.7_0-service_life_card_description"
"7.0::Service Packs Archive Card Description","English","Access previous service pack releases for Liferay DXP 7.0.","Accede a los anteriores service packs de Liferay DXP 7.0","Active","dc.7_0-service_packs_archive_card_description"
"7.0::Upgrading Card Description","English","Reference a collection of resources to assist you with upgrading to Liferay DXP 7.0.","Consulta el conjunto de recursos que te ayudarán en la migración a Liferay DXP 7.0","Active","dc.7_0-upgrading_card_description"
"7.1::Account Support Card Description","English","Learn more about designated contacts for your project.","","","dc.7_1-account_support_card_description"
"7.1::Activation Keys Card Description","English","Request a key for your workstation and production environments.","Activa tus entornos de Liferay DXP para comenzar con tu proyecto","Active","dc.7_1-activation_keys_card_description"
"7.1::Admin Guide Card","English","Admin Guide","Guía de Administrador","Active","dc.7_1-admin_guide_card"
"7.1::Admin Guide Card Description","English","Learn how to use all the out-of-the-box features in Liferay DXP 7.1.","Aprende cómo utilizar todas las funcionalidades ""Out of the Box"" de Liferay DXP 7.1","Active","dc.7_1-admin_guide_card_description"
"7.1::Admin Reference Card","English","Admin Reference","Documentos de referencia para Administradores","Active","dc.7_1-admin_reference_card"
"7.1::Admin Reference Card Description","English","Check Liferay definitions and configuration settings to customize your platform.","Comprueba las definiciones y preferencias de Liferay para personalizar tu plataforma","Active","dc.7_1-admin_reference_card_description"
"7.1::Announcements Card Description","English","Get the latest updates on new releases, patches, and system improvements.","Consigue las últimas actualizaciones de los productos, parches y mejoras del sistema","Active","dc.7_1-announcements_card_description"
"7.1::Compatibility Matrix Card Description","English","Learn about the supported configurations for Liferay DXP 7.1.","Conoce las configuraciones compatibles con Liferay DXP 7.1","Active","dc.7_1-compatibility_matrix_card_description"
"7.1::Components Tab","English","Components","Componentes","Active","dc.7_1-components_tab"
"7.1::Deployment Guide Card","English","Deployment Guide","Guía de despliegue","Active","dc.7_1-deployment_guide_card"
"7.1::Deployment Guide Card Description","English","Learn how to deploy, configure, maintain, and monitor your Liferay DXP 7.1 environments.","Conoce cómo desplegar, configurar, mantener y monitorizar tus entornos de Liferay DXP 7.1","Active","dc.7_1-deployment_guide_card_description"
"7.1::Developer Reference Card","English","Developer Reference","Documentos de referencia para Desarrolladores","Active","dc.7_1-developer_reference_card"
"7.1::Developer Reference Card Description","English","Access APIs, build commands, project templates, sample projects, and more.","Accede a las API, comandos de construcción, plantillas de proyecto, proyectos de ejemplo y más","Active","dc.7_1-developer_reference_card_description"
"7.1::Developer Tools and Frameworks Card","English","Developer Tools and Frameworks","Herramientas de desarrollo y Frameworks","Active","dc.7_1-developer_tools_and_frameworks_card"
"7.1::Developer Tools and Frameworks Card Description","English","A set of tools and frameworks built specifically for Liferay development.","Un conjunto de herramientas y entornos construidos específicamente para el desarrollo con Liferay","Active","dc.7_1-developer_tools_and_frameworks_card_description"
"7.1::Developer Tutorials Card","English","Developer Tutorials","Tutoriales para desarrolladores","Active","dc.7_1-developer_tutorials_card"
"7.1::Developer Tutorials Card Description","English","Access tutorials on using Liferay's tools, building modules, developing portlets, and more.","Accede tutoriales sobre las herramientas de Liferay, la construcción de módulos, el desarrollo de portlets y mucho más","Active","dc.7_1-developer_tutorials_card_description"
"7.1::Fix Delivery Method Card Description","English","Learn how Liferay Support delivers maintenance and emergency updates for Liferay DXP.","Conoce cómo el Soporte de Liferay proporciona actualizaciones de mantenimiento y urgentes para Liferay DXP","Active","dc.7_1-fix_delivery_method_card_description"
"7.1::Fix Packs Card","English","Fix Packs","Fix Packs","Active","dc.7_1-fix_packs_card"
"7.1::Fix Packs Card Description","English","Download and install the latest fix pack to ensure you are on the current code base.","Descarga e instala el último fix pack para disponer del código más reciente","Active","dc.7_1-fix_packs_card_description"
"7.1::Help Topics Card","English","Help Topics","Temas de ayuda","Active","dc.7_1-help_topics_card"
"7.1::Help Topics Card Description","English","Reference a collection of popular articles organized by topics.","Consulta un conjunto de artículos organizados por temas","Active","dc.7_1-help_topics_card_description"
"7.1::Knowledge Base Card Description","English","Access a library of articles on recurring topics, issues, and themes.","Accede a la biblioteca con artículos sobre contenidos, cuestiones y temas frecuentes","Active","dc.7_1-knowledge_base_card_description"
"7.1::Latest Release Card","English","Latest Release","Última actualización","Active","dc.7_1-latest_release_card"
"7.1::Latest Release Card Description","English","Download and install the latest release of Liferay DXP 7.1.","Descarga e instala la última actualización de Liferay DXP 7.1","Active","dc.7_1-latest_release_card_description"
"7.1::Liferay Connected Services Card","English","Liferay Connected Services","Liferay Connected Services","Active","dc.7_1-liferay_connected_services_card"
"7.1::Liferay Connected Services Card Description","English","A cloud-based management solution for maintaining a Liferay DXP infrastructure. ","Una solución basada en la nube para mantener una infraestructura Liferay DXP","Active","dc.7_1-liferay_connected_services_card_description"
"7.1::Liferay Enterprise Search Card","English","Enterprise Search","Enterprise Search","Active","dc.7_1-liferay_enterprise_search_card"
"7.1::Liferay Enterprise Search Card Description","English","An add-on subscription for managing enterprise-scale search in your Liferay DXP projects. ","Una suscripción adicional para gestionar búsquedas a escala empresarial en tus proyectos de Liferay DXP","Active","dc.7_1-liferay_enterprise_search_card_description"
"7.1::Liferay Sync Card","English","Liferay Sync","Liferay Sync","Active","dc.7_1-liferay_sync_card"
"7.1::Liferay Sync Card Description","English","An enterprise file syncing and sharing service from desktop and mobile devices.","Un servicio para sincronizar y compartir archivos desde ordenador y dispositivos móviles","Active","dc.7_1-liferay_sync_card_description"
"7.1::Mobile Experience Platform Card","English","Mobile Experience Platform","Mobile Experience Platform","Active","dc.7_1-mobile_experience_platform_card"
"7.1::Mobile Experience Platform Card Description","English","Deliver responsive, native or hybrid mobile experiences with one development platform.","Ofrece experiencias móviles responsivas, nativas o híbridas con una única plataforma de desarrollo","Active","dc.7_1-mobile_experience_platform_card_description"
"7.1::Page Heading","English","Liferay Digital Experience Platform 7.1","Liferay Digital Experience Platform 7.1","Active","dc.7_1-page_heading"
"7.1::Patching Tool Card","English","Patching Tool","Patching Tool","Active","dc.7_1-patching_tool_card"
"7.1::Patching Tool Card Description","English","Download the patching tool to install Liferay DXP 7.1 software updates.","Descarga la Patching Tool para instalar las actualizaciones de Liferay DXP 7.1","Active","dc.7_1-patching_tool_card_description"
"7.1::Security Advisories Card Description","English","Learn more about known security vulnerabilities and fixes for Liferay DXP.","Consulta las vulnerabilidades de seguridad conocidas y corregidas para Liferay DXP","Active","dc.7_1-security_advisories_card_description"
"7.1::Service Levels Card Description","English","Learn more about the benefits included with each enterprise subscription level.","Conoce los beneficios incluidos en cada nivel de suscripción enterprise","Active","dc.7_1-service_levels_card_description"
"7.1::Service Life Card Description","English","Reference the end of life policy for Liferay DXP 7.1.","Consulta la política de fin de ciclo de vida de Liferay DXP 7.1","Active","dc.7_1-service_life_card_description"
"7.1::Service Packs Archive Card","English","Service Packs Archive","Archivo de Service Packs","Active","dc.7_1-service_packs_archive_card"
"7.1::Service Packs Archive Card Description","English","Access previous service pack releases for Liferay DXP 7.1.","Accede a los anteriores service packs de Liferay DXP 7.1","Active","dc.7_1-service_packs_archive_card_description"
"7.1::Support Coverage Card Description","English","Reference support coverage details for all Liferay products.","Consulta los detalles de la cobertura del soporte de todos los productos Liferay","Active","dc.7_1-support_coverage_card_description"
"7.1::Support FAQs Card Description","English","Browse through answers to common support-related questions.","Navega entre las respuestas a las preguntas más comunes relacionadas con soporte","Active","dc.7_1-support_faqs_card_description"
"7.1::Support Information Tab","English","Support Information","Información sobre Soporte","Active","dc.7_1-support_information_tab"
"7.1::Top Resources Tab","English","Top Resources","Recursos principales","Active","dc.7_1-top_resources_tab"
"7.1::Upgrading Card","English","Upgrading","Migración","Active","dc.7_1-upgrading_card"
"7.1::Upgrading Card Description","English","Reference a collection of resources to assist you with upgrading to Liferay DXP 7.1.","Consulta el conjunto de recursos que te ayudarán en la migración a Liferay DXP 7.1","Active","dc.7_1-upgrading_card_description"
"7.1::Whitepapers Card","English","Whitepapers","Documentos oficiales","Active","dc.7_1-whitepapers_card"
"7.1::Whitepapers Card Description","English","Reference technical briefs on topics including deployment, upgrading, and performance. ","Consulta resúmenes técnicos de temas como despliegues, migraciones y rendimiento","Active","dc.7_1-whitepapers_card_description"
"Administering Liferay Analytics Cloud","English","Administering Liferay Analytics Cloud","Administra Liferay Analytics Cloud","Active","dc.administering_liferay_analytics_cloud"
"Admin Guide","English","Admin Guide","Guía de Administrador","Active","dc.admin_guide"
"Footer_All Rights Reserved","English","All Rights Reserved","Todos los derechos reservados","Active","dc.all_rights_reserved"
"Analytics Cloud","English","Analytics Cloud","Analytics Cloud","Active","dc.analytics_cloud"
"Analytics Cloud::Admin Guide Card Description","English","Learn how to use all the features in Liferay Analytics Cloud.","Conoce cómo utilizar todas las funcionalidades de Liferay Analytics Cloud","Active","dc.analytics_cloud-admin_guide_card_description"
"Analytics Cloud::Feature Requests Card","English","Feature Requests","Petición de funcionalidades","Active","dc.analytics_cloud-feature_requests_card"
"Analytics Cloud::Feature Requests Card Description","English","Reference a list of feature requests and their current status.","Consulta la lista de las funcionalidades que se han solicitado y el estado actual de las mismas","Active","dc.analytics_cloud-feature_requests_card_description"
"Analytics Cloud::Getting Started Card","English","Getting Started","Empezando","Active","dc.analytics_cloud-getting_started_card"
"Analytics Cloud::Getting Started Card Description","English","Learn how to start adding and managing your data sources for Liferay Analytics Cloud.","Conoce cómo añadir y gestionar tus fuentes de datos en Liferay Analytics Cloud","Active","dc.analytics_cloud-getting_started_card_description"
"Analytics Cloud::Known Issues Card","English","Known Issues","Incidencias conocidas","Active","dc.analytics_cloud-known_issues_card"
"Analytics Cloud::Known Issues Card Description","English","Reference existing known issues that have been documented for Liferay Analytics Cloud.","Consulta las incidencias conocidas que han sido documentadas para Liferay Analytics Cloud","Active","dc.analytics_cloud-known_issues_card_description"
"Analytics Cloud::Page Heading","English","Liferay Analytics Cloud","Liferay Analytics Cloud","Active","dc.analytics_cloud-page_heading"
"Analytics Cloud::Support Coverage Card Description","English","Learn more about support coverage for Liferay Analytics Cloud.","Conoce más acerca del alcance del servicio de soporte para Liferay Analytics Cloud","Active","dc.analytics_cloud-support_coverage_card_description"
"Analytics Cloud Documentation","English","Analytics Cloud Documentation","Documentación de Analytics Cloud","Active","dc.analytics_cloud_documentation"
"Avatar","English","Avatar","Avatar","Active","dc.avatar"
"Browse by Product","English","Browse by Product","Consultar por producto","Active","dc.browse_by_product"
"Category::Product Support","English","Product Support","Soporte del Producto","Active","dc.category-product_support"
"Commerce::Admin Guide Card Description","English","Learn how to use all the features in Liferay Commerce.","Aprende a utilizar todas las funcionalidades de Liferay Commerce","Active","dc.commerce-admin_guide_card_description"
"Commerce::Compatibility Matrix Card Description","English","Learn about supported configurations for Liferay Commerce.","Conoce las configuraciones compatibles con Liferay Commerce","Active","dc.commerce-compatibility_matrix_card_description"
"Commerce::Latest Release Card Description","English","Download and install the latest version of Liferay Commerce. ","Descarga e instala la última actualización de Liferay Commerce","Active","dc.commerce-latest_release_card_description"
"Commerce::Page Heading","English","Liferay Commerce","Liferay Commerce","Active","dc.commerce-page_heading"
"Commerce::Service Life Description","English","Reference the end of life policy for Liferay Commerce.","Consulta la política de fin de ciclo de vida de Liferay Commerce","Active","dc.commerce-service_life_description"
"Commerce::Support Coverage Card Description","English","Learn more about support coverage for Liferay Commerce.","Conoce más acerca del alcance del servicio de soporte para Liferay Commerce","Active","dc.commerce-support_coverage_card_description"
"Component::APIs","English","APIs","API","Active","dc.component-apis"
"Component::APIs, Integrations and Extension Points","English","APIs, Integrations and Extension Points","API, Integraciones y Puntos de Extensión","Active","dc.component-apis_integrations_and_extension_points"
"Component::Application Display Templates","English","Application Display Templates","Plantilla de Interfaz de la Aplicación","Active","dc.component-application_display_templates"
"Component::Audience Targeting","English","Audience Targeting","Audience Targeting","Active","dc.component-audience_targeting"
"Component::Authentication","English","Authentication","Autenticación","Active","dc.component-authentication"
"Component::Backup / Recovery","English","Backup / Recovery","Copia de seguridad / Restauración","Active","dc.component-backup_recovery"
"Component::Caching & Clustering","English","Caching & Clustering","Caching y Clustering","Active","dc.component-caching_clustering"
"Component::Calendar","English","Calendar","Calendario","Active","dc.component-calendar"
"Component::Collaboration Suite","English","Collaboration Suite","Collaboration Suite","Active","dc.component-collaboration_suite"
"Component::Commerce Insights","English","Commerce Insights","Commerce Insights","Active","dc.component-commerce_insights"
"Component::Configuration and Settings","English","Configuration and Settings","Configuración y ajustes","Active","dc.component-configuration_and_settings"
"Component::Connectivity","English","Connectivity","Conectividad","Active","dc.component-connectivity"
"Component::Connectors","English","Connectors","Conectores","Active","dc.component-connectors"
"Component::Deployment, Environments","English","Deployment, Environments","Despliegue, Entornos","Active","dc.component-deployment_environments"
"Component::Developer Tools","English","Developer Tools","Herramientas para Desarrolladores","Active","dc.component-developer_tools"
"Component::Digital Merchandise Management","English","Digital Merchandise Management","Gestión de la mercancía digital","Active","dc.component-digital_merchandise_management"
"Component::Digital Store Management","English","Digital Store Management","Gestión de la tienda digital","Active","dc.component-digital_store_management"
"Component::Document Management","English","Document Management","Gestión de documentos","Active","dc.component-document_management"
"Component::Dynamic Data Mapping & Data Lists","English","Dynamic Data Mapping & Data Lists","Dynamic Data Mapping y Data Lists ","Active","dc.component-dynamic_data_mapping_data_lists"
"Component::Forms","English","Forms","Formularios","Active","dc.component-forms"
"Component::Liferay API","English","Liferay API","API de Liferay","Active","dc.component-liferay_api"
"Component::Liferay Sync","English","Liferay Sync","Liferay Sync","Active","dc.component-liferay_sync"
"Component::Localization","English","Localization","Localización","Active","dc.component-localization"
"Component::Networking","English","Networking","Networking","Active","dc.component-networking"
"Component::Patch Management","English","Patch Management","Gestión de parches","Active","dc.component-patch_management"
"Component::Performance","English","Performance","Rendimiento","Active","dc.component-performance"
"Component::Portal Configuration","English","Portal Configuration","Configuración del Portal","Active","dc.component-portal_configuration"
"Component::Recycle Bin","English","Recycle Bin","Papelera de reciclaje","Active","dc.component-recycle_bin"
"Component::Reporting","English","Reporting","Informes","Active","dc.component-reporting"
"Component::Search Engine Optimization, Analytics","English","Search Engine Optimization, Analytics","Optimización del motor de búsqueda, Analíticas ","Active","dc.component-search_engine_optimization_analytics"
"Component::Search & Indexing","English","Search & Indexing","Búsqueda e Indexación","Active","dc.component-search_indexing"
"Component::Security","English","Security","Seguridad","Active","dc.component-security"
"Component::Shopping Experience","English","Shopping Experience","Experiencia de compra","Active","dc.component-shopping_experience"
"Component::Site Management","English","Site Management","Administración del sitio","Active","dc.component-site_management"
"Component::Social Networking","English","Social Networking","Redes sociales","Active","dc.component-social_networking"
"Component::Social Office","English","Social Office","Social Office","Active","dc.component-social_office"
"Component::Staging, Export/Import","English","Staging, Export/Import","Staging, Exportar/Importar","Active","dc.component-staging_export_import"
"Component::System Availability","English","System Availability","Disponibilidad del sistema","Active","dc.component-system_availability"
"Component::UI Infrastructure, Accessibility","English","UI Infrastructure, Accessibility","Infraestructura UI, Accesibilidad","Active","dc.component-ui_infrastructure_accessibility"
"Component::Upgrade","English","Upgrade","Migración","Active","dc.component-upgrade"
"Component::User, Membership, Role Management","English","User, Membership, Role Management","Usuarios, Membresía, Gestión de roles","Active","dc.component-user_membership_role_management"
"Component::VPN","English","VPN","VPN","Active","dc.component-vpn"
"Component::Web Content","English","Web Content","Contenido web","Active","dc.component-web_content"
"Component::Workflow, Workflow Forms","English","Workflow, Workflow Forms","Flujos de trabajo, Formularios del flujo de trabajo","Active","dc.component-workflow_workflow_forms"
"Component::Activation Key & Project Administration","English","Activation Key & Project Administration","Códigos de activación & Administración del proyecto","Active","dc.component_field-activation_key_project_administration"
"Component:UI","English","UI","UI","Active","dc.component_ui"
"Contact Us","English","Contact Us","Contacta con nosotros","Active","dc.contact_us"
"Development Guide","English","Development Guide","Guía para desarrollo","Active","dc.development_guide"
"Documentation::Liferay Analytics Cloud","English","Liferay Analytics Cloud","Liferay Analytics Cloud","Active","dc.documentation-liferay_analytics_cloud"
"Documentation::Liferay Commerce","English","Liferay Commerce","Liferay Commerce","Active","dc.documentation-liferay_commerce"
"Documentation::Liferay DXP 7.0","English","Liferay DXP 7.0","Liferay DXP 7.0","Active","dc.documentation-liferay_dxp_7_0"
"Documentation::Liferay DXP 7.1","English","Liferay DXP 7.1","Liferay DXP 7.1","Active","dc.documentation-liferay_dxp_7_1"
"Documentation::Liferay DXP Cloud","English","Liferay DXP Cloud","Liferay DXP Cloud","Active (Out of date)","dc.documentation-liferay_dxp_cloud"
"Documentation::Liferay DXP Components","English","Liferay DXP Components","Componentes de Liferay DXP","Active","dc.documentation-liferay_dxp_components"
"Documentation::Liferay Portal 5.2","English","Liferay Portal 5.2","Liferay Portal 5.2","Active","dc.documentation-liferay_portal_5_2"
"Documentation::Liferay Portal 6.0","English","Liferay Portal 6.0","Liferay Portal 6.0","Active","dc.documentation-liferay_portal_6_0"
"Documentation::Liferay Portal 6.1","English","Liferay Portal 6.1","Liferay Portal 6.1","Active","dc.documentation-liferay_portal_6_1"
"Documentation::Liferay Portal 6.2","English","Liferay Portal 6.2","Liferay Portal 6.2","Active","dc.documentation-liferay_portal_6_2"
"DXP Cloud","English","DXP Cloud","DXP Cloud","Active","dc.dxp_cloud"
"DXP Cloud::Admin Guide Card Description","English","Learn how to use all the features in Liferay DXP Cloud.","Aprende a utilizar todas las funcionalidades de Liferay DXP Cloud","Active","dc.dxp_cloud-admin_guide_card_description"
"DXP Cloud::Announcements Card Description","English","See product updates, announcements, and releases notes from Liferay DXP Cloud.","","","dc.dxp_cloud-announcements_card_description"
"DXP Cloud::Application Management","English","Application Management","Gestión de la aplicación","Active","dc.dxp_cloud-application_management"
"DXP Cloud::Collaboration","English","Collaboration","Colaboración","Active","dc.dxp_cloud-collaboration"
"DXP Cloud::Development Lifecycle","English","Development Lifecycle","Ciclo de desarrollo","Active","dc.dxp_cloud-development_lifecycle"
"DXP Cloud::Monitoring","English","Monitoring","Monitorización","Active","dc.dxp_cloud-monitoring"
"DXP Cloud::Page Heading","English","Liferay DXP Cloud ","Liferay DXP Cloud ","Active","dc.dxp_cloud-page_heading"
"DXP Cloud::Reference","English","Reference","Referencia","Active","dc.dxp_cloud-reference"
"DXP Cloud::Security","English","Security","Seguridad","Active","dc.dxp_cloud-security"
"DXP Cloud::Services","English","Services","Servicios","Active","dc.dxp_cloud-services"
"DXP Cloud::Support Coverage Card Description","English","Learn more about support coverage for Liferay DXP Cloud.","Conoce más acerca del alcance del servicio de soporte para Liferay DXP Cloud","Active","dc.dxp_cloud-support_coverage_card_description"
"DXP Cloud:: Knowledge Base Card Description","English","The most frequently asked questions and answers about Liferay DXP Cloud.","","","dc.dxp_cloud-_knowledge_base_card_description"
"Environment::Non-Production","English","Non-Production","No producción","Active","dc.environment-non-production"
"Environment::Not Available","English","Not Available","No disponible","Active","dc.environment-not_available"
"Environment::Production","English","Production","Producción","Active","dc.environment-production"
"Footer::Account Support","English","Account Support","Soporte de la cuenta","Active","dc.footer-account_support"
"Footer::All Rights Reserved","English","All Rights Reserved","Todos los derechos reservados","Active","dc.footer-all_rights_reserved"
"Footer::Contact Us","English","Contact Us","Contacta con nosotros","Active","dc.footer-contact_us"
"Footer::LESA","English","LESA","LESA","Active","dc.footer-lesa"
"Footer::Liferay.com","English","Liferay.com","Liferay.com","Active","dc.footer-liferay_com"
"Footer::Marketplace","English","Marketplace","Marketplace","Active","dc.footer-marketplace"
"Footer::Related Sites","English","Related Sites","Sitios relacionados","Active","dc.footer-related_sites"
"Footer::Subscription","English","Subscription","Suscripciones","Active","dc.footer-subscription"
"Getting Started","English","Getting Started","Empezando","Active","dc.getting_started"
"Help Center","English","Help Center","Help Center","Active","dc.help_center"
"Homepage::Announcement Subscribe Button","English","Subscribe","Suscríbete","Active","dc.homepage-announcement_subscribe_button"
"Homepage::Announcement Subscribe Description","English","Get the latest updates on products, patches, and system improvements.","Consigue las últimas actualizaciones de los productos, parches y mejoras del sistema","Active","dc.homepage-announcement_subscribe_description"
"Homepage::Announcement Subscribe Heading","English","Receive Notifications","Recibe notificaciones","Active","dc.homepage-announcement_subscribe_heading"
"Homepage::Ask the Community","English","Ask the Community","Pregunta en la Comunidad","Active","dc.homepage-ask_the_community"
"Homepage::Ask the Community Asterisk Description","English","*Please note that information found on the Liferay Community site is not supported and should be implemented at your own discretion.","*Por favor, ten en cuenta que la información que encuentres en el sitio de la Comunidad no está soportada y en caso de utilizarla será bajo tu responsabilidad","Active","dc.homepage-ask_the_community_asterisk_description"
"Homepage::Ask the Community Description","English","Learn and share knowledge with community members.","Aprende y comparte tu conocimiento con los demás miembros de la Comunidad","Active","dc.homepage-ask_the_community_description"
"Homepage::Browse by Product","English","Browse by Product","Consulta por producto","Active","dc.homepage-browse_by_product"
"Homepage::Contact Us Asterisk Description","English","*24/7 phone support is available for Platinum Level Critical issues only.","El soporte telefónico 24/7sólo está disponible para incidencias críticas del nivel Platinum","Active","dc.homepage-contact_us_asterisk_description"
"Homepage::Contact Us Description","English","Speak with a Liferay Support team member by phone.","Habla directamente por teléfono con un miembro del equipo de soporte","Active (Out of date)","dc.homepage-contact_us_description"
"Homepage::Events","English","Events","Eventos","Active","dc.homepage-events"
"Homepage::Fix Pack Updates","English","Fix Pack Updates","Actualizaciones de Fix Packs","Active","dc.homepage-fix_pack_updates"
"Homepage::How can we help?","English","How can we help?","¿Cómo podemos ayudarte?","Active","dc.homepage-how_can_we_help"
"Homepage::Learn More","English","Learn More","Conoce más","Active","dc.homepage-learn_more"
"Homepage::Liferay Global Services","English","Liferay Global Services","Liferay Global Services","Active","dc.homepage-liferay_global_services"
"Homepage::Liferay Global Services Description","English","Gain extensive product and development knowledge from experts to maximize your ROI.","Aumenta tu conocimiento sobre el producto y el desarrollo gracias a expertos que te ayudarán a maximizar tu ROI","Active","dc.homepage-liferay_global_services_description"
"Homepage::Liferay University","English","Liferay University","Liferay University","Active","dc.homepage-liferay_university"
"Homepage::Liferay University Description","English","Train your team on the essentials of using Liferay with in-depth videos and hands-on exercises designed to mimic in-person training.","Forma a tu equipo en los puntos esenciales del uso de Liferay con videos detallados y ejercicios prácticos diseñados para simular una formación presencial","Active","dc.homepage-liferay_university_description"
"Homepage::Portal 5.2","English","Portal 5.2","Portal 5.2","Active","dc.homepage-portal_5_2"
"Homepage::Product Releases","English","Product Releases","Actualizaciones de producto","Active","dc.homepage-product_releases"
"Homepage::Search the Help Center","English","Search the Help Center","Busca en el Help Center","Active","dc.homepage-search_the_help_center"
"Homepage::Security Updates","English","Security Updates","Actualizaciones de seguridad","Active","dc.homepage-security_updates"
"Homepage::See More","English","See More","Más","Active","dc.homepage-see_more"
"Homepage::Still Need Help?","English","Still Need Help?","¿Necesitas más ayuda?","Active","dc.homepage-still_need_help"
"Homepage::Submit a Ticket Description","English","Open a support case to report an issue and get help from a Liferay Support Team member.","Abre un ticket para informarnos de una incidencia y que un miembro del equipo de soporte pueda ayudarte","Active","dc.homepage-submit_a_ticket_description"
"How Can We Help","English","How can we help?","¿Cómo podemos ayudarte?","Active","dc.how_can_we_help"
"Knowledge Base","English","Knowledge Base","Biblioteca Técnica","Active","dc.knowledge_base"
"Known Issues","English","Known Issues","Incicencias conocidas","Active","dc.known_issues"
"Let us know if you cant find a solution to your issue","English","Let us know if you can't find a solution to your issue.","Indícanos si no has podido encontrar una solución a tu consulta","Active","dc.let_us_know_if_you_cant_find_a_solution_to_your_issue"
"Long-Term Resolution::Bug Fix","English","Bug Fix","Arreglo de error","Active","dc.long-term_resolution-bug_fix"
"Long-Term Resolution::Developer Documentation","English","Developer Documentation","Documentación para los desarrolladores","Active","dc.long-term_resolution-developer_documentation"
"Long-Term Resolution::Product Improvement","English","Product Improvement","Mejora de producto","Active","dc.long-term_resolution-product_improvement"
"Long-Term Resolution::User Documentation","English","User Documentation","Documentación para los usuarios","Active","dc.long-term_resolution-user_documentation"
"Mega Menu::Account Support","English","Account Support","Soporte de la cuenta","Active","dc.mega_menu-account_support"
"Mega Menu::Account Support Description","English","Learn more about designated contacts for your project","","","dc.mega_menu-account_support_description"
"Mega Menu::Activation Keys","English","Activation Keys","Códigos de activación","Active","dc.mega_menu-activation_keys"
"Mega Menu::Activation Keys Description","English","Activate your environments to start a project","Activa tus entornos para comenzar el proyecto","Active (Out of date)","dc.mega_menu-activation_keys_description"
"Mega Menu::Analytics Cloud","English","Analytics Cloud","Analytics Cloud","Active","dc.mega_menu-analytics_cloud"
"Mega Menu::Announcements","English","Announcements","Anuncios","Active","dc.mega_menu-announcements"
"Mega Menu::Announcements Description","English","Updates on products and system improvements","Actualizaciones de productos y mejoras del sistema","Active","dc.mega_menu-announcements_description"
"Mega Menu::Commerce","English","Commerce","Commerce","Active","dc.mega_menu-commerce"
"Mega Menu::Compatibility Matrix","English","Compatibility Matrix","Matriz de compatibilidad","Active","dc.mega_menu-compatibility_matrix"
"Mega Menu::Compatibility Matrix Description","English","Supported configurations for Liferay products","Configuraciones compatibles con los productos de Liferay","Active","dc.mega_menu-compatibility_matrix_description"
"Mega Menu::Contact Us","English","Contact Us","Contacta con nosotros","Active","dc.mega_menu-contact_us"
"Mega Menu::Documentation","English","Documentation","Documentación","Active","dc.mega_menu-documentation"
"Mega Menu::Documentation Description","English","Product guides, tutorials, and reference docs","Guías de producto, tutoriales y documentos de referencia","Active","dc.mega_menu-documentation_description"
"Mega Menu::Downloads","English","Downloads","Descargas","Active","dc.mega_menu-downloads"
"Mega Menu::Downloads Description","English","Products, service packs, fix packs, and security fixes","Productos, service packs, fix packs, y parches de seguridad","Active","dc.mega_menu-downloads_description"
"Mega Menu::DXP 7.0","English","DXP 7.0","DXP 7.0","Active","dc.mega_menu-dxp_7_0"
"Mega Menu::DXP 7.1","English","DXP 7.1","DXP 7.1","Active","dc.mega_menu-dxp_7_1"
"Mega Menu::DXP Cloud","English","DXP Cloud","DXP Cloud","Active","dc.mega_menu-dxp_cloud"
"Mega Menu::Fix Delivery Method","English","Fix Delivery Method","Método de entrega de los Fix","Active","dc.mega_menu-fix_delivery_method"
"Mega Menu::Fix Delivery Method Description","English","How Liferay delivers software updates","Cómo entrega Liferay las actualizaciones de producto","Active","dc.mega_menu-fix_delivery_method_description"
"Mega Menu::Fix Pack Tool","English","Fix Pack Tool","Fix Pack Tool","Active","dc.mega_menu-fix_pack_tool"
"Mega Menu::Fix Pack Tool Description","English","View highlights and release notes for Liferay DXP fix packs","Consulta los puntos destacados y las notas de publicación de los fix packs de Liferay","Active","dc.mega_menu-fix_pack_tool_description"
"Mega Menu::Knowledge Base","English","Knowledge Base","Biblioteca técnica","Active","dc.mega_menu-knowledge_base"
"Mega Menu::Knowledge Base Description","English","Articles on recurring topics, issues, and themes","Artículos sobre contenidos, cuestiones y temas frecuentes","Active","dc.mega_menu-knowledge_base_description"
"Mega Menu::My Tickets","English","My Tickets","Mis tickets","Active","dc.mega_menu-my_tickets"
"Mega Menu::Overview","English","Security Overview","Resumen de Seguridad ","Active","dc.mega_menu-overview"
"Mega Menu::Overview Description","English","How Liferay approaches security","Cómo aborda Liferay la seguridad","Active","dc.mega_menu-overview_description"
"Mega Menu::Portal 5.2","English","Portal 5.2","Portal 5.2","Active","dc.mega_menu-portal_5_2"
"Mega Menu::Portal 6.0","English","Portal 6.0","Portal 6.0","Active","dc.mega_menu-portal_6_0"
"Mega Menu::Portal 6.1","English","Portal 6.1","Portal 6.1","Active","dc.mega_menu-portal_6_1"
"Mega Menu::Portal 6.2","English","Portal 6.2","Portal 6.2","Active","dc.mega_menu-portal_6_2"
"Mega Menu::Products","English","Products","Productos","Active","dc.mega_menu-products"
"Mega Menu::Project Details","English","Project Details","Detalles del proyecto","Active","dc.mega_menu-project_details"
"Mega Menu::Reporting Security Issues","English","Reporting Security Issues","Informar de vulnerabilidades de seguridad","Active","dc.mega_menu-reporting_security_issues"
"Mega Menu::Reporting Security Issues Description","English","Process for reporting security vulnerabilities","Procedimiento para informar de vulnerabilidades de seguridad","Active","dc.mega_menu-reporting_security_issues_description"
"Mega Menu::Resources","English","Resources","Recursos","Active","dc.mega_menu-resources"
"Mega Menu::Security","English","Security","Seguridad","Active","dc.mega_menu-security"
"Mega Menu::Security Advisories","English","Security Advisories","Avisos de seguridad","Active","dc.mega_menu-security_advisories"
"Mega Menu::Security Advisories Description","English","Information and fixes for known vulnerabilities","Política sobre las vulnerabilidades de seguridad conocidas en los productos Liferay","Active","dc.mega_menu-security_advisories_description"
"Mega Menu::Security and Disclosure Policy","English","Security Policies","Políticas de seguridad","Active","dc.mega_menu-security_and_disclosure_policy"
"Mega Menu::Security and Disclosure Policy Description","English","Policy for reported security issues in Liferay products","Política sobre las vulnerabilidades de seguridad conocidas en los productos Liferay","Active","dc.mega_menu-security_and_disclosure_policy_description"
"Mega Menu::Service Levels","English","Service Levels","Niveles de soporte","Active","dc.mega_menu-service_levels"
"Mega Menu::Service Levels Description","English","Benefits included with each subscription level","Beneficios incluidos en cada nivel de suscripción","Active","dc.mega_menu-service_levels_description"
"Mega Menu::Service Life","English","Service Life","Ciclo de vida","Active","dc.mega_menu-service_life"
"Mega Menu::Service Life Description","English","End of life policies for Liferay products","Fin del ciclo de vida de los productos Liferay","Active","dc.mega_menu-service_life_description"
"Mega Menu::Submit a Ticket","English","Submit a Ticket","Abrir un ticket","Active","dc.mega_menu-submit_a_ticket"
"Mega Menu::Support","English","Support","Soporte","Active","dc.mega_menu-support"
"Mega Menu::Support Coverage","English","Support Coverage","Alcance del servicio de soporte","Active","dc.mega_menu-support_coverage"
"Mega Menu::Support Coverage Description","English","Overview of Liferay's support policies","Las políticas de soporte de Liferay de un vistazo","Active","dc.mega_menu-support_coverage_description"
"Mega Menu::Support FAQs","English","Support FAQ","Preguntas frecuentes a soporte","Active (Out of date)","dc.mega_menu-support_faqs"
"Mega Menu::Support FAQs Description","English","Answers to common support-related questions","Respuestas a las preguntas de soporte más frecuentes","Active","dc.mega_menu-support_faqs_description"
"Mega Menu_Announcements","English","Announcements","Anuncios","Active","dc.mega_menu_announcements"
"No Articles in Section","English","No Articles in Section","No hay artículos en esta sección","Active","dc.no_articles_in_section"
"No Section in Category","English","No Section in Category","No hay sección en esta categoría","Active","dc.no_section_in_category"
"Portal","English","Portal","Portal","Active","dc.portal"
"Products","English","Products","Productos","Active","dc.products"
"Product Field::Liferay DXP","English","Liferay DXP","Liferay DXP","Active","dc.product_field-liferay_dxp"
"Product Field::Liferay Portal","English","Liferay Portal","Liferay Portal","Active","dc.product_field-liferay_portal"
"Product Field::Management Tools (LCS)","English","Management Tools (LCS)","Management Tools (LCS)","Active","dc.product_field-management_tools_lcs"
"Product Field::Mobile Device Detection","English","Mobile Device Detection","Mobile Device Detection","Active","dc.product_field-mobile_device_detection"
"Product Field::Mobile Experience","English","Mobile Experience","Mobile Experience","Active","dc.product_field-mobile_experience"
"Product Field::Productivity Tools (Sync)","English","Productivity Tools (Sync)","Productivity Tools (Sync)","Active","dc.product_field-productivity_tools_sync"
"Product Field::Social Office","English","Social Office","Social Office","Active","dc.product_field-social_office"
"Project Details","English","Project Details","Detalles del Proyecto","Active","dc.project_details"
"Quick Links","English","Quick Links","Enlaces directos","Active","dc.quick_links"
"Related Sites","English","Related Sites","Sitios relacionados","Active","dc.related_sites"
"Resources","English","Resources","Recursos","Active","dc.resources"
"Section::Fix Pack Update","English","Fix Pack Update","Actualizaciones de Fix Pack","Active","dc.section-fix_pack_update"
"Section::General","English","General","General","Active","dc.section-general"
"Section::How-to","English","How-to","Procedimientos","Active","dc.section-how-to"
"Section::Not Supported","English","Not Supported","No soportado","Active","dc.section-not_supported"
"Section::Product Release","English","Product Release","Lanzamientos de productos","Active","dc.section-product_release"
"Section::Security Alert","English","Security Alert","Alertas de seguridad","Active","dc.section-security_alert"
"Section::Supported","English","Supported","Soportado","Active","dc.section-supported"
"Section::Support Policy","English","Support Policy","Política de soporte","Active","dc.section-support_policy"
"Section::System Update","English","System Update","Actualizaciones del sistema","Active","dc.section-system_update"
"Section::Troubleshooting","English","Troubleshooting","Diagnóstico de problemas","Active","dc.section-troubleshooting"
"Security","English","Security","Seguridad","Active","dc.security"
"Sorry We Searched Far Into Outer Space But Couldnt Find","English","Sorry! We searched far into outer space, but couldn't find","Lo sentimos, hemos buscado hasta en el espacio exterior, pero no lo hemos encontrado","Active","dc.sorry_we_searched_far_into_outer_space_but_couldnt_find"
"Still Need Help","English","Still Need Help?","¿Necesitas más ayuda?","Active","dc.still_need_help"
"Sub-Status::Completed","English","Completed","Completado","Active","dc.sub-status-completed"
"Sub-Status::Reproduced","English","Reproduced","Reproducido","Active","dc.sub-status-reproduced"
"Sub-Status::Resolution Planning","English","Resolution Planning","Planificando la resolución","Active","dc.sub-status-resolution_planning"
"Sub-Status::Solution Proposed","English","Solution Proposed","Solución propuesta","Active","dc.sub-status-solution_proposed"
"Subject Ticket Field - Title","English","Subject","Título","Active","dc.subject_ticket_field_-_title"
"Submit a Ticket","English","Submit a Ticket","Abrir un ticket","Active","dc.submit_a_ticket"
"Support","English","Support","Soporte","Active","dc.support"
"Support Information","English","Support Information","Información de soporte","Active","dc.support_information"
"System Status::Completely shutdown","English","Completely shutdown","Completamente apagado","Active","dc.system_status-completely_shutdown"
"System Status::Fully functional with observed errors","English","Fully functional with observed errors","Totalmente operativo con errores observados","Active","dc.system_status-fully_functional_with_observed_errors"
"System Status::Functioning with limited capabilities","English","Functioning with limited capabilities","Funcionando con capacidades limitadas","Active","dc.system_status-functioning_with_limited_capabilities"
"System Status::General question about the product","English","General question about the product","Preguntas generales sobre el producto","Active","dc.system_status-general_question_about_the_product"
"System Status::Severely impacted or inoperable","English","Severely impacted or inoperable","Gravemente afectado o inoperativo","Active","dc.system_status-severely_impacted_or_inoperable"
"System Status::Unstable with periodic interruptions","English","Unstable with periodic interruptions","Inestable con interrupciones periodicas ","Active","dc.system_status-unstable_with_periodic_interruptions"
"Component::APIO Architect","English","APIO Architect","Arquitectura APIO","Active","dc.ticket_view-apio_architect"
"Ticket View::Assignee","English","Assignee","Asignado a","Active","dc.ticket_view-assignee"
"Ticket View::Component (Commerce)","English","Component","Componente","Active","dc.ticket_view-component_commerce"
"Ticket View::Component (DXP)","English","Component","Componente","Active","dc.ticket_view-component_dxp"
"Ticket View::Component (Portal)","English","Component","Componente","Active","dc.ticket_view-component_portal"
"Ticket View::Description","English","Description","Descripción","Active","dc.ticket_view-description"
"Ticket View::Environment","English","Environment","Entorno","Active","dc.ticket_view-environment"
"Ticket View::File Attachment","English","Add large files over 20MB here","Sube aquí archivos de más de 20MB","Active","dc.ticket_view-file_attachment"
"Ticket View::Long-Term Resolution","English","Long-Term Resolution","Resolución a largo plazo","Active","dc.ticket_view-long-term_resolution"
"Ticket View::Priority","English","Priority","Prioridad","Active","dc.ticket_view-priority"
"Ticket View::Product","English","Product","Producto","Active","dc.ticket_view-product"
"Ticket View::Sub-Status","English","Sub-Status","Subestado","Active","dc.ticket_view-sub-status"
"Ticket View::Subject","English","Subject","Título","Active","dc.ticket_view-subject"
"Ticket View::System Stable","English","System Stable","Sistema estable","Active","dc.ticket_view-system_stable"
"Ticket View::System Status","English","System Status","Estado del sistema","Active","dc.ticket_view-system_status"
"View All","English","View All","Ver todos","Active","dc.view_all"
"We are sorry but you do not have access to submit a support ticket","English","We are sorry, but you do not have access to submit a support ticket.","Lo sentimos, pero no tienes acceso para abrir un ticket de soporte","Active","dc.we_are_sorry_but_you_do_not_have_access_to_submit_a_support_ticket"
