"Title","Default language","Default text","zh-cn text","Variant status","Placeholder"
"5.2::Compatibility Matrix Card Description","English","Learn about the supported configurations for Liferay Portal 5.2.","详细了解Liferay Portal 5.2支持的配置","Active","dc.5_2-compatibility_matrix_card_description"
"5.2::Documentation Card Description","English","Reference the admin guide and whitepapers for Liferay Portal 5.2.","参考Liferay Portal 5.2的系统管理指南和白皮书","Active","dc.5_2-documentation_card_description"
"5.2::Downloads Card Description","English","Download the archived service packs and fix packs for Liferay Portal 5.2.","下载Liferay Portal 5.2的整合服务包和补丁包","Active","dc.5_2-downloads_card_description"
"5.2::Info Banner","English","Support for Liferay Portal 5.2 has ended.","Liferay Portal 5.2的支持服务已经终止了","Active","dc.5_2-info_banner"
"5.2::Page Heading","English","Liferay Portal 5.2","Liferay Portal 5.2","Active","dc.5_2-page_heading"
"6.0::Compatibility Matrix Card Description","English","Learn about the supported configurations for Liferay Portal 6.0.","详细了解Liferay Portal 6.0支持的配置","Active","dc.6_0-compatibility_matrix_card_description"
"6.0::Documentation Card Description","English","Reference the admin guide and whitepapers for Liferay Portal 6.0.","参考Liferay Portal 6.0的系统管理指南和白皮书","Active","dc.6_0-documentation_card_description"
"6.0::Downloads Card Description","English","Download the archived service packs and fix packs for Liferay Portal 6.0.","下载Liferay Portal 6.0的整合服务包和补丁包","Active","dc.6_0-downloads_card_description"
"6.0::Info Banner","English","Support for Liferay Portal 6.0 has ended.","Liferay Portal 6.0的支持服务已经终止了","Active","dc.6_0-info_banner"
"6.0::Page Heading","English","Liferay Portal 6.0","Liferay Portal 6.0","Active","dc.6_0-page_heading"
"6.1::Admin Guide Card Description","English","Learn how to use all the out-of-the-box features in Liferay Portal 6.1.","详细了解如何使用Liferay Portal 6.1所有的开箱即用功能","Active","dc.6_1-admin_guide_card_description"
"6.1::Compatibility Matrix Card Description","English","Learn about the supported configurations for Liferay Portal 6.1.","详细了解Liferay Portal 6.1支持的配置","Active","dc.6_1-compatibility_matrix_card_description"
"6.1::Deployment Guide Card Description","English","Learn how to deploy, configure, maintain, and monitor your Liferay Portal 6.1 environments.","详细了解如何部署，配置，维护，监控你的Liferay Portal 6.1环境","Active","dc.6_1-deployment_guide_card_description"
"6.1::Info Banner","English","Liferay Portal 6.1 EE is now in the Limited Support Phase.","Liferay Portal 6.1企业版现在处于有限支持阶段","Active","dc.6_1-info_banner"
"6.1::Latest Release Card Description","English","Download and install the latest release of Liferay Portal 6.1.","下载并安装Liferay Portal 6.1的最新版本","Active","dc.6_1-latest_release_card_description"
"6.1::Page Heading","English","Liferay Portal 6.1","Liferay Portal 6.1","Active","dc.6_1-page_heading"
"6.1::Patching Tool Card Description","English","Download the patching tool to install Liferay Portal 6.1 software updates.","下载补丁工具来安装Liferay Portal 6.1的软件更新","Active","dc.6_1-patching_tool_card_description"
"6.1::Service Life Card Description","English","Reference the end of life policy for Liferay Portal 6.1.","参考Liferay Portal 6.1支持终止政策","Active","dc.6_1-service_life_card_description"
"6.1::Service Packs Archive Card Description","English","Access previous service pack releases for Liferay Portal 6.1.","访问Liferay Portal 6.1之前发布的服务包版本","Active","dc.6_1-service_packs_archive_card_description"
"6.2::Activation Keys Card Description","English","Request a key for your workstation and production environments.","申请供单用户使用和生产环境的注册许可证","Active","dc.6_2-activation_keys_card_description"
"6.2::Admin Guide Card Description","English","Learn how to use all the out-of-the-box features in Liferay Portal 6.2.","详细了解如何使用Liferay Portal 6.2所有的开箱即用功能","Active","dc.6_2-admin_guide_card_description"
"6.2::Compatibility Matrix Card Description","English","Learn about the supported configurations for Liferay Portal 6.2.","详细了解Liferay Portal 6.2支持的配置","Active","dc.6_2-compatibility_matrix_card_description"
"6.2::Deployment Guide Card Description","English","Learn how to deploy, configure, maintain, and monitor your Liferay Portal 6.2 environments.","详细了解如何部署，配置，维护，监控你的Liferay Portal 6.2环境","Active","dc.6_2-deployment_guide_card_description"
"6.2::Developer Studio Card","English","Developer Studio","Developer Studio","Active","dc.6_2-developer_studio_card"
"6.2::Developer Studio Card Description","English","An all-in-one, integrated development environment based on Eclipse.","基于Eclipse的一体化集成开发环境","Active","dc.6_2-developer_studio_card_description"
"6.2::Fix Delivery Method Card Description","English","Learn how Liferay Support delivers maintenance and emergency updates for Liferay Portal.","详细了解Liferay Support如何提供Liferay Portal维护和紧急修复","Active","dc.6_2-fix_delivery_method_card_description"
"6.2::Info","English","Info:","详情：","Active","dc.6_2-info"
"6.2::Info Banner","English","Liferay Portal 6.2 EE is now in the Limited Support Phase.","Liferay Portal 6.2企业版现在处于有限支持阶段","Active","dc.6_2-info_banner"
"6.2::Latest Release Card Description","English","Download and install the latest release of Liferay Portal 6.2.","下载和安装Liferay Portal 6.2最新版本","Active","dc.6_2-latest_release_card_description"
"6.2::Liferay Connected Services Card Description","English","A cloud-based management solution for maintaining a Liferay Portal infrastructure. ","一个基于云管理解决方案的Liferay Portal构架","Active","dc.6_2-liferay_connected_services_card_description"
"6.2::Liferay Faces Card","English","Liferay Faces","Liferay Faces","Active","dc.6_2-liferay_faces_card"
"6.2::Liferay Faces Card Description","English","A project that provides support for the JavaServer™ Faces (JSF) standard within Liferay Portal.","一个在Liferay Portal中为JavaServer™Faces（JSF）标准提供支持的项目","Active","dc.6_2-liferay_faces_card_description"
"6.2::Mobile SDK Card","English","Mobile SDK","Mobile SDK","Active","dc.6_2-mobile_sdk_card"
"6.2::Mobile SDK Card Description","English","A framework for building native mobile apps that integrate with your different Liferay Portal instances.","用于构建与您的不同Liferay Portal实例集成的本机移动应用程序的框架","Active","dc.6_2-mobile_sdk_card_description"
"6.2::Other Products Tab","English","Other Products","其他产品","Active","dc.6_2-other_products_tab"
"6.2::Page Heading","English","Liferay Portal 6.2","Liferay Portal 6.2","Active","dc.6_2-page_heading"
"6.2::Patching Tool Card Description","English","Download the patching tool to install Liferay Portal 6.2 software updates.","下载补丁工具来安装Liferay Portal 6.2软件更新","Active","dc.6_2-patching_tool_card_description"
"6.2::Security Advisories Card Description","English","Learn more about known security vulnerabilities and fixes for Liferay Portal.","详细了解Liferay Portal已知安全漏洞和修复","Active","dc.6_2-security_advisories_card_description"
"6.2::Service Life Card Description","English","Reference the end of life policy for Liferay Portal 6.2.","参考Liferay Portal 6.2支持终止政策","Active","dc.6_2-service_life_card_description"
"6.2::Service Packs Archive Card Description","English","Access previous service pack releases for Liferay Portal 6.2.","访问Liferay Portal 6.2 之前发布的服务包版本","Active","dc.6_2-service_packs_archive_card_description"
"6.2::Social Office Card","English","Social Office","Social Office","Active","dc.6_2_social_office_card"
"6.2::Social Office Card Description","English","A workspace solution that enhances the way you and your colleagues work together.","一个提高您和同事相互协助方式的工作环境解决方案","Active","dc.6_2_social_office_card_description"
"7.0::Admin Guide Card Description","English","Learn how to use all the out-of-the-box features in Liferay DXP 7.0.","详细了解如果使用Liferay DXP 7.0所有的开箱即用功能","Active","dc.7_0-admin_guide_card_description"
"7.0::Compatibility Matrix Card Description","English","Learn about the supported configurations for Liferay DXP 7.0.","详细了解Liferay DXP 7.0支持的配置","Active","dc.7_0-compatibility_matrix_card_description"
"7.0::Deployment Guide Card Description","English","Learn how to deploy, configure, maintain, and monitor your Liferay DXP 7.0 environments.","详细了解如何部署，配置，维护和监控您的Liferay DXP 7.0环境","Active","dc.7_0-deployment_guide_card_description"
"7.0::Latest Release Card Description","English","Download  and install the latest release of Liferay DXP 7.0.","下载并安装Liferay DXP 7.0最新版本","Active","dc.7_0-latest_release_card_description"
"7.0::Page Heading","English","Liferay Digital Experience Platform 7.0","Liferay Digital Experience Platform 7.0","Active","dc.7_0-page_heading"
"7.0::Patching Tool Card Description","English","Download the patching tool to install Liferay DXP 7.0 software updates.","下载补丁工具来安装Liferay DXP 7.0的软件更新","Active","dc.7_0-patching_tool_card_description"
"7.0::Service Life Card Description","English","Reference the end of life policy for Liferay DXP 7.0.","参考Liferay DXP 7.0支持终止政策","Active","dc.7_0-service_life_card_description"
"7.0::Service Packs Archive Card Description","English","Access previous service pack releases for Liferay DXP 7.0.","访问Liferay DXP 7.0之前发布的服务包版本","Active","dc.7_0-service_packs_archive_card_description"
"7.0::Upgrading Card Description","English","Reference a collection of resources to assist you with upgrading to Liferay DXP 7.0.","参考一组资源帮助您升级到Liferay DXP 7.0","Active","dc.7_0-upgrading_card_description"
"7.1::Account Support Card Description","English","Learn more about designated contacts for your project.","","","dc.7_1-account_support_card_description"
"7.1::Activation Keys Card Description","English","Request a key for your workstation and production environments.","激活您的Liferay DXP 7.0环境来开始您的项目","Active","dc.7_1-activation_keys_card_description"
"7.1::Admin Guide Card","English","Admin Guide","系统管理指南","Active","dc.7_1-admin_guide_card"
"7.1::Admin Guide Card Description","English","Learn how to use all the out-of-the-box features in Liferay DXP 7.1.","详细了解如果使用Liferay DXP 7.1所有的开箱即用功能","Active","dc.7_1-admin_guide_card_description"
"7.1::Admin Reference Card","English","Admin Reference","系统管理参考资源","Active","dc.7_1-admin_reference_card"
"7.1::Admin Reference Card Description","English","Check Liferay definitions and configuration settings to customize your platform.","查看Liferay定义，以及配置来自定义您的平台","Active","dc.7_1-admin_reference_card_description"
"7.1::Announcements Card Description","English","Get the latest updates on new releases, patches, and system improvements.","得到产品发布，补丁以及系统优化的更新","Active","dc.7_1-announcements_card_description"
"7.1::Compatibility Matrix Card Description","English","Learn about the supported configurations for Liferay DXP 7.1.","详细了解Liferay DXP 7.1支持的配置","Active","dc.7_1-compatibility_matrix_card_description"
"7.1::Components Tab","English","Components","组件","Active","dc.7_1-components_tab"
"7.1::Deployment Guide Card","English","Deployment Guide","部署指南","Active","dc.7_1-deployment_guide_card"
"7.1::Deployment Guide Card Description","English","Learn how to deploy, configure, maintain, and monitor your Liferay DXP 7.1 environments.","详细了解如何部署，配置，维护和监控您的Liferay DXP 7.1环境","Active","dc.7_1-deployment_guide_card_description"
"7.1::Developer Reference Card","English","Developer Reference","开发人员参考资源","Active","dc.7_1-developer_reference_card"
"7.1::Developer Reference Card Description","English","Access APIs, build commands, project templates, sample projects, and more.","访问APIs, 创建命令行，项目模板，样本项目，以及更多。","Active","dc.7_1-developer_reference_card_description"
"7.1::Developer Tools and Frameworks Card","English","Developer Tools and Frameworks","开发工具和框架","Active","dc.7_1-developer_tools_and_frameworks_card"
"7.1::Developer Tools and Frameworks Card Description","English","A set of tools and frameworks built specifically for Liferay development.","一系列专门为Liferay开发而创建的工具和框架","Active","dc.7_1-developer_tools_and_frameworks_card_description"
"7.1::Developer Tutorials Card","English","Developer Tutorials","开发人员教程","Active","dc.7_1-developer_tutorials_card"
"7.1::Developer Tutorials Card Description","English","Access tutorials on using Liferay's tools, building modules, developing portlets, and more.","访问关于使用Liferay的工具，创建模块，开发porlets等教程","Active","dc.7_1-developer_tutorials_card_description"
"7.1::Fix Delivery Method Card Description","English","Learn how Liferay Support delivers maintenance and emergency updates for Liferay DXP.","详细了解Liferay Support如何发布Liferay DXP的维护和紧急修复","Active","dc.7_1-fix_delivery_method_card_description"
"7.1::Fix Packs Card","English","Fix Packs","补丁包","Active","dc.7_1-fix_packs_card"
"7.1::Fix Packs Card Description","English","Download and install the latest fix pack to ensure you are on the current code base.","下载并安装最新版本的补丁包，以确保您的修复基于最新的代码","Active","dc.7_1-fix_packs_card_description"
"7.1::Help Topics Card","English","Help Topics","帮助话题","Active","dc.7_1-help_topics_card"
"7.1::Help Topics Card Description","English","Reference a collection of popular articles organized by topics.","参考最常访问的文章，以话题为单位","Active","dc.7_1-help_topics_card_description"
"7.1::Knowledge Base Card Description","English","Access a library of articles on recurring topics, issues, and themes.","访问重复出现的话题，问题和主题的文章库","Active","dc.7_1-knowledge_base_card_description"
"7.1::Latest Release Card","English","Latest Release","最新版本","Active","dc.7_1-latest_release_card"
"7.1::Latest Release Card Description","English","Download and install the latest release of Liferay DXP 7.1.","下载并安装Liferay DXP 7.1最新版本","Active","dc.7_1-latest_release_card_description"
"7.1::Liferay Connected Services Card","English","Liferay Connected Services","Liferay Connected Services","Active","dc.7_1-liferay_connected_services_card"
"7.1::Liferay Connected Services Card Description","English","A cloud-based management solution for maintaining a Liferay DXP infrastructure. ","一个基于云管理解决方案的Liferay DXP构架","Active","dc.7_1-liferay_connected_services_card_description"
"7.1::Liferay Enterprise Search Card","English","Enterprise Search","Enterprise Search","Active","dc.7_1-liferay_enterprise_search_card"
"7.1::Liferay Enterprise Search Card Description","English","An add-on subscription for managing enterprise-scale search in your Liferay DXP projects. ","用于管理您的Liferay DXP项目中企业级别搜索的额外订购","Active","dc.7_1-liferay_enterprise_search_card_description"
"7.1::Liferay Sync Card","English","Liferay Sync","Liferay Sync","Active","dc.7_1-liferay_sync_card"
"7.1::Liferay Sync Card Description","English","An enterprise file syncing and sharing service from desktop and mobile devices.","将桌面和移动设备的文档同步和分享的企业级服务","Active","dc.7_1-liferay_sync_card_description"
"7.1::Mobile Experience Platform Card","English","Mobile Experience Platform","Mobile Experience Platform","Active","dc.7_1-mobile_experience_platform_card"
"7.1::Mobile Experience Platform Card Description","English","Deliver responsive, native or hybrid mobile experiences with one development platform.","提供交互性，原生，混合移动体验开发平台","Active","dc.7_1-mobile_experience_platform_card_description"
"7.1::Page Heading","English","Liferay Digital Experience Platform 7.1","Liferay Digital Experience Platform 7.1","Active","dc.7_1-page_heading"
"7.1::Patching Tool Card","English","Patching Tool","补丁工具","Active","dc.7_1-patching_tool_card"
"7.1::Patching Tool Card Description","English","Download the patching tool to install Liferay DXP 7.1 software updates.","下载补丁工具来安装Liferay DXP 7.1的软件更新","Active","dc.7_1-patching_tool_card_description"
"7.1::Security Advisories Card Description","English","Learn more about known security vulnerabilities and fixes for Liferay DXP.","详细了解Liferay DXP已知安全漏洞和修复","Active","dc.7_1-security_advisories_card_description"
"7.1::Service Levels Card Description","English","Learn more about the benefits included with each enterprise subscription level.","详细了解每个企业级订购服务都包含了什么","Active","dc.7_1-service_levels_card_description"
"7.1::Service Life Card Description","English","Reference the end of life policy for Liferay DXP 7.1.","参考Liferay DXP 7.1支持终止政策","Active","dc.7_1-service_life_card_description"
"7.1::Service Packs Archive Card","English","Service Packs Archive","整合补丁包","Active","dc.7_1-service_packs_archive_card"
"7.1::Service Packs Archive Card Description","English","Access previous service pack releases for Liferay DXP 7.1.","访问Liferay DXP 7.1之前发布的服务包版本","Active","dc.7_1-service_packs_archive_card_description"
"7.1::Support Coverage Card Description","English","Reference support coverage details for all Liferay products.","参看Liferay所有产品的支持范围","Active","dc.7_1-support_coverage_card_description"
"7.1::Support FAQs Card Description","English","Browse through answers to common support-related questions.","浏览技术支持常见问题","Active","dc.7_1-support_faqs_card_description"
"7.1::Support Information Tab","English","Support Information","技术支持信息","Active","dc.7_1-support_information_tab"
"7.1::Top Resources Tab","English","Top Resources","浏览最多的文档","Active","dc.7_1-top_resources_tab"
"7.1::Upgrading Card","English","Upgrading","升级","Active","dc.7_1-upgrading_card"
"7.1::Upgrading Card Description","English","Reference a collection of resources to assist you with upgrading to Liferay DXP 7.1.","参考一组资源帮助您升级到Liferay DXP 7.1","Active","dc.7_1-upgrading_card_description"
"7.1::Whitepapers Card","English","Whitepapers","白皮书","Active","dc.7_1-whitepapers_card"
"7.1::Whitepapers Card Description","English","Reference technical briefs on topics including deployment, upgrading, and performance. ","参考关于以下主题的技术简介：部署，升级，性能","Active","dc.7_1-whitepapers_card_description"
"Administering Liferay Analytics Cloud","English","Administering Liferay Analytics Cloud","管理Liferay Analytics Cloud","Active","dc.administering_liferay_analytics_cloud"
"Admin Guide","English","Admin Guide","管理员指南","Active","dc.admin_guide"
"Footer_All Rights Reserved","English","All Rights Reserved","版权所有","Active","dc.all_rights_reserved"
"Analytics Cloud","English","Analytics Cloud","Analytics Cloud","Active","dc.analytics_cloud"
"Analytics Cloud::Admin Guide Card Description","English","Learn how to use all the features in Liferay Analytics Cloud.","详细了解如何使用Liferay Analytics Cloud所有功能","Active","dc.analytics_cloud-admin_guide_card_description"
"Analytics Cloud::Feature Requests Card","English","Feature Requests","新功能申请","Active","dc.analytics_cloud-feature_requests_card"
"Analytics Cloud::Feature Requests Card Description","English","Reference a list of feature requests and their current status.","参看目前的新功能申请列表以及现在的状态","Active","dc.analytics_cloud-feature_requests_card_description"
"Analytics Cloud::Getting Started Card","English","Getting Started","这里开始","Active","dc.analytics_cloud-getting_started_card"
"Analytics Cloud::Getting Started Card Description","English","Learn how to start adding and managing your data sources for Liferay Analytics Cloud.","详细了解如何添加和管理你的Liferay Analytics Cloud数据资源","Active","dc.analytics_cloud-getting_started_card_description"
"Analytics Cloud::Known Issues Card","English","Known Issues","已知问题","Active","dc.analytics_cloud-known_issues_card"
"Analytics Cloud::Known Issues Card Description","English","Reference existing known issues that have been documented for Liferay Analytics Cloud.","参考Liferay Analytics Cloud已经被记载的已知问题","Active","dc.analytics_cloud-known_issues_card_description"
"Analytics Cloud::Page Heading","English","Liferay Analytics Cloud","Liferay Analytics Cloud","Active","dc.analytics_cloud-page_heading"
"Analytics Cloud::Support Coverage Card Description","English","Learn more about support coverage for Liferay Analytics Cloud.","详细了解Liferay Analytics Cloud支持范围","Active","dc.analytics_cloud-support_coverage_card_description"
"Analytics Cloud Documentation","English","Analytics Cloud Documentation","Liferay Analytics Cloud","Active","dc.analytics_cloud_documentation"
"Avatar","English","Avatar","头像","Active","dc.avatar"
"Browse by Product","English","Browse by Product","按产品浏览","Active","dc.browse_by_product"
"Category::Product Support","English","Product Support","产品支持","Active","dc.category-product_support"
"Commerce::Admin Guide Card Description","English","Learn how to use all the features in Liferay Commerce.","详细了解Liferay Commerce所有的功能","Active","dc.commerce-admin_guide_card_description"
"Commerce::Compatibility Matrix Card Description","English","Learn about supported configurations for Liferay Commerce.","详细了解Liferay Commerce支持的配置","Active","dc.commerce-compatibility_matrix_card_description"
"Commerce::Latest Release Card Description","English","Download and install the latest version of Liferay Commerce. ","下载并安装Liferay Commerce最新版本","Active","dc.commerce-latest_release_card_description"
"Commerce::Page Heading","English","Liferay Commerce","Liferay Commerce","Active","dc.commerce-page_heading"
"Commerce::Service Life Description","English","Reference the end of life policy for Liferay Commerce.","详细了解Liferay Commerce支持终止政策","Active","dc.commerce-service_life_description"
"Commerce::Support Coverage Card Description","English","Learn more about support coverage for Liferay Commerce.","详细了解Liferay Commerce支持范围","Active","dc.commerce-support_coverage_card_description"
"Component::APIs","English","APIs","APIs","Active","dc.component-apis"
"Component::APIs, Integrations and Extension Points","English","APIs, Integrations and Extension Points","APIs, Integrations and Extension Points","Active","dc.component-apis_integrations_and_extension_points"
"Component::Application Display Templates","English","Application Display Templates","应用展示模板","Active","dc.component-application_display_templates"
"Component::Audience Targeting","English","Audience Targeting","Audience Targeting","Active","dc.component-audience_targeting"
"Component::Authentication","English","Authentication","验证","Active","dc.component-authentication"
"Component::Backup / Recovery","English","Backup / Recovery","备份/修复","Active","dc.component-backup_recovery"
"Component::Caching & Clustering","English","Caching & Clustering","缓存以及集群","Active","dc.component-caching_clustering"
"Component::Calendar","English","Calendar","日历","Active","dc.component-calendar"
"Component::Collaboration Suite","English","Collaboration Suite","协作套件","Active","dc.component-collaboration_suite"
"Component::Commerce Insights","English","Commerce Insights","Commerce Insights","Active","dc.component-commerce_insights"
"Component::Configuration and Settings","English","Configuration and Settings","配置和设置","Active","dc.component-configuration_and_settings"
"Component::Connectivity","English","Connectivity","Connectivity","Active","dc.component-connectivity"
"Component::Connectors","English","Connectors","Connectors","Active","dc.component-connectors"
"Component::Deployment, Environments","English","Deployment, Environments","部署，环境","Active","dc.component-deployment_environments"
"Component::Developer Tools","English","Developer Tools","开发工具","Active","dc.component-developer_tools"
"Component::Digital Merchandise Management","English","Digital Merchandise Management","数字化商品管理","Active","dc.component-digital_merchandise_management"
"Component::Digital Store Management","English","Digital Store Management","数字化商店管理","Active","dc.component-digital_store_management"
"Component::Document Management","English","Document Management","文档管理","Active","dc.component-document_management"
"Component::Dynamic Data Mapping & Data Lists","English","Dynamic Data Mapping & Data Lists","动态数据映射和数据列表","Active","dc.component-dynamic_data_mapping_data_lists"
"Component::Forms","English","Forms","表格","Active","dc.component-forms"
"Component::Liferay API","English","Liferay API","Liferay API","Active","dc.component-liferay_api"
"Component::Liferay Sync","English","Liferay Sync","Liferay Sync","Active","dc.component-liferay_sync"
"Component::Localization","English","Localization","本地化","Active","dc.component-localization"
"Component::Networking","English","Networking","网络","Active","dc.component-networking"
"Component::Patch Management","English","Patch Management","补丁管理","Active","dc.component-patch_management"
"Component::Performance","English","Performance","性能","Active","dc.component-performance"
"Component::Portal Configuration","English","Portal Configuration","Portal配置","Active","dc.component-portal_configuration"
"Component::Recycle Bin","English","Recycle Bin","回收站","Active","dc.component-recycle_bin"
"Component::Reporting","English","Reporting","报表","Active","dc.component-reporting"
"Component::Search Engine Optimization, Analytics","English","Search Engine Optimization, Analytics","搜索引擎优化，分析","Active","dc.component-search_engine_optimization_analytics"
"Component::Search & Indexing","English","Search & Indexing","搜索以及索引","Active","dc.component-search_indexing"
"Component::Security","English","Security","安全","Active","dc.component-security"
"Component::Shopping Experience","English","Shopping Experience","购物体验","Active","dc.component-shopping_experience"
"Component::Site Management","English","Site Management","Site管理","Active","dc.component-site_management"
"Component::Social Networking","English","Social Networking","社交网络","Active","dc.component-social_networking"
"Component::Social Office","English","Social Office","Social Office","Active","dc.component-social_office"
"Component::Staging, Export/Import","English","Staging, Export/Import","Staging, 导出/导入","Active","dc.component-staging_export_import"
"Component::System Availability","English","System Availability","系统可用性","Active","dc.component-system_availability"
"Component::UI Infrastructure, Accessibility","English","UI Infrastructure, Accessibility","用户界面构架，访问性","Active","dc.component-ui_infrastructure_accessibility"
"Component::Upgrade","English","Upgrade","升级","Active","dc.component-upgrade"
"Component::User, Membership, Role Management","English","User, Membership, Role Management","用户，会员，角色管理","Active","dc.component-user_membership_role_management"
"Component::VPN","English","VPN","VPN","Active","dc.component-vpn"
"Component::Web Content","English","Web Content","网页内容","Active","dc.component-web_content"
"Component::Workflow, Workflow Forms","English","Workflow, Workflow Forms","工作流，工作流表格","Active","dc.component-workflow_workflow_forms"
"Component::Activation Key & Project Administration","English","Activation Key & Project Administration","许可证以及项目管理","Active","dc.component_field-activation_key_project_administration"
"Component:UI","English","UI","用户界面","Active","dc.component_ui"
"Contact Us","English","Contact Us","联系我们","Active","dc.contact_us"
"Development Guide","English","Development Guide","开发者指南","Active","dc.development_guide"
"Documentation::Liferay Analytics Cloud","English","Liferay Analytics Cloud","Liferay Analytics Cloud","Active","dc.documentation-liferay_analytics_cloud"
"Documentation::Liferay Commerce","English","Liferay Commerce","Liferay Commerce","Active","dc.documentation-liferay_commerce"
"Documentation::Liferay DXP 7.0","English","Liferay DXP 7.0","Liferay DXP 7.0","Active","dc.documentation-liferay_dxp_7_0"
"Documentation::Liferay DXP 7.1","English","Liferay DXP 7.1","Liferay DXP 7.1","Active","dc.documentation-liferay_dxp_7_1"
"Documentation::Liferay DXP Cloud","English","Liferay DXP Cloud","Liferay DXP Cloud","Active (Out of date)","dc.documentation-liferay_dxp_cloud"
"Documentation::Liferay DXP Components","English","Liferay DXP Components","Liferay DXP 组件","Active","dc.documentation-liferay_dxp_components"
"Documentation::Liferay Portal 5.2","English","Liferay Portal 5.2","Liferay Portal 5.2","Active","dc.documentation-liferay_portal_5_2"
"Documentation::Liferay Portal 6.0","English","Liferay Portal 6.0","Liferay Portal 6.0","Active","dc.documentation-liferay_portal_6_0"
"Documentation::Liferay Portal 6.1","English","Liferay Portal 6.1","Liferay Portal 6.1","Active","dc.documentation-liferay_portal_6_1"
"Documentation::Liferay Portal 6.2","English","Liferay Portal 6.2","Liferay Portal 6.2","Active","dc.documentation-liferay_portal_6_2"
"DXP Cloud","English","DXP Cloud","DXP Cloud","Active","dc.dxp_cloud"
"DXP Cloud::Admin Guide Card Description","English","Learn how to use all the features in Liferay DXP Cloud.","详细了解Liferay DXP Cloud所有功能","Active","dc.dxp_cloud-admin_guide_card_description"
"DXP Cloud::Announcements Card Description","English","See product updates, announcements, and releases notes from Liferay DXP Cloud.","","","dc.dxp_cloud-announcements_card_description"
"DXP Cloud::Application Management","English","Application Management","应用管理","Active","dc.dxp_cloud-application_management"
"DXP Cloud::Collaboration","English","Collaboration","协助","Active","dc.dxp_cloud-collaboration"
"DXP Cloud::Development Lifecycle","English","Development Lifecycle","开发周期","Active","dc.dxp_cloud-development_lifecycle"
"DXP Cloud::Monitoring","English","Monitoring","监控","Active","dc.dxp_cloud-monitoring"
"DXP Cloud::Page Heading","English","Liferay DXP Cloud ","Liferay DXP Cloud ","Active","dc.dxp_cloud-page_heading"
"DXP Cloud::Reference","English","Reference","参考文章","Active","dc.dxp_cloud-reference"
"DXP Cloud::Security","English","Security","安全","Active","dc.dxp_cloud-security"
"DXP Cloud::Services","English","Services","服务","Active","dc.dxp_cloud-services"
"DXP Cloud::Support Coverage Card Description","English","Learn more about support coverage for Liferay DXP Cloud.","详细了解Liferay DXP Cloud支持范围","Active","dc.dxp_cloud-support_coverage_card_description"
"DXP Cloud:: Knowledge Base Card Description","English","The most frequently asked questions and answers about Liferay DXP Cloud.","","","dc.dxp_cloud-_knowledge_base_card_description"
"Environment::Non-Production","English","Non-Production","非生产环境","Active","dc.environment-non-production"
"Environment::Not Available","English","Not Available","尚无","Active","dc.environment-not_available"
"Environment::Production","English","Production","生产环境","Active","dc.environment-production"
"Footer::Account Support","English","Account Support","账户支持","Active","dc.footer-account_support"
"Footer::All Rights Reserved","English","All Rights Reserved","版权所有","Active","dc.footer-all_rights_reserved"
"Footer::Contact Us","English","Contact Us","联系我们","Active","dc.footer-contact_us"
"Footer::LESA","English","LESA","LESA","Active","dc.footer-lesa"
"Footer::Liferay.com","English","Liferay.com","Liferay.com","Active","dc.footer-liferay_com"
"Footer::Marketplace","English","Marketplace","Marketplace","Active","dc.footer-marketplace"
"Footer::Related Sites","English","Related Sites","相关网站","Active","dc.footer-related_sites"
"Footer::Subscription","English","Subscription","订阅","Active","dc.footer-subscription"
"Getting Started","English","Getting Started","这里开始","Active","dc.getting_started"
"Help Center","English","Help Center","Help Center","Active","dc.help_center"
"Homepage::Announcement Subscribe Button","English","Subscribe","订购服务","Active","dc.homepage-announcement_subscribe_button"
"Homepage::Announcement Subscribe Description","English","Get the latest updates on products, patches, and system improvements.","得到产品发布，补丁以及系统优化的更新","Active","dc.homepage-announcement_subscribe_description"
"Homepage::Announcement Subscribe Heading","English","Receive Notifications","接收通知","Active","dc.homepage-announcement_subscribe_heading"
"Homepage::Ask the Community","English","Ask the Community","咨询社区","Active","dc.homepage-ask_the_community"
"Homepage::Ask the Community Asterisk Description","English","*Please note that information found on the Liferay Community site is not supported and should be implemented at your own discretion.","” 请注意，在Liferay社区发现的信息不包含在Liferay技术支持范围内，请自行决定是否执行“","Active","dc.homepage-ask_the_community_asterisk_description"
"Homepage::Ask the Community Description","English","Learn and share knowledge with community members.","共同学习，并将您的知识分享给社区成员","Active","dc.homepage-ask_the_community_description"
"Homepage::Browse by Product","English","Browse by Product","按产品浏览","Active","dc.homepage-browse_by_product"
"Homepage::Contact Us Asterisk Description","English","*24/7 phone support is available for Platinum Level Critical issues only.","*24/7 电话支持是白金版客户的专享服务，仅限于优先级最高的问题","Active","dc.homepage-contact_us_asterisk_description"
"Homepage::Contact Us Description","English","Speak with a Liferay Support team member by phone.","与Liferay Support Team工程师直接电话沟通","Active (Out of date)","dc.homepage-contact_us_description"
"Homepage::Events","English","Events","Liferay活动","Active","dc.homepage-events"
"Homepage::Fix Pack Updates","English","Fix Pack Updates","补丁包更新","Active","dc.homepage-fix_pack_updates"
"Homepage::How can we help?","English","How can we help?","有什么可以帮到您的吗？","Active","dc.homepage-how_can_we_help"
"Homepage::Learn More","English","Learn More","了解更多","Active","dc.homepage-learn_more"
"Homepage::Liferay Global Services","English","Liferay Global Services","Liferay 全球服务","Active","dc.homepage-liferay_global_services"
"Homepage::Liferay Global Services Description","English","Gain extensive product and development knowledge from experts to maximize your ROI.","从专家那里获得广泛的产品和开发知识，以最大化您的投资回报率。","Active","dc.homepage-liferay_global_services_description"
"Homepage::Liferay University","English","Liferay University","Liferay 大学","Active","dc.homepage-liferay_university"
"Homepage::Liferay University Description","English","Train your team on the essentials of using Liferay with in-depth videos and hands-on exercises designed to mimic in-person training.","这里有深入的视频资源，动手练习的机会，来模拟真人培训， 帮助您培训您的团队学习Liferay最基本的知识","Active","dc.homepage-liferay_university_description"
"Homepage::Portal 5.2","English","Portal 5.2","Portal 5.2","Active","dc.homepage-portal_5_2"
"Homepage::Product Releases","English","Product Releases","产品发布","Active","dc.homepage-product_releases"
"Homepage::Search the Help Center","English","Search the Help Center","搜索Help Center","Active","dc.homepage-search_the_help_center"
"Homepage::Security Updates","English","Security Updates","安全更新","Active","dc.homepage-security_updates"
"Homepage::See More","English","See More","了解更多","Active","dc.homepage-see_more"
"Homepage::Still Need Help?","English","Still Need Help?","还需要帮助？","Active","dc.homepage-still_need_help"
"Homepage::Submit a Ticket Description","English","Open a support case to report an issue and get help from a Liferay Support Team member.","创建一个support case来报道这个问题，Liferay Support Team将很快帮助您","Active","dc.homepage-submit_a_ticket_description"
"How Can We Help","English","How can we help?","有什么可以帮到您的吗？","Active","dc.how_can_we_help"
"Knowledge Base","English","Knowledge Base","知识库","Active","dc.knowledge_base"
"Known Issues","English","Known Issues","已知问题","Active","dc.known_issues"
"Let us know if you cant find a solution to your issue","English","Let us know if you can't find a solution to your issue.","如果您还是没有找到一个解决方案，请告诉我们","Active","dc.let_us_know_if_you_cant_find_a_solution_to_your_issue"
"Long-Term Resolution::Bug Fix","English","Bug Fix","错误修复","Active","dc.long-term_resolution-bug_fix"
"Long-Term Resolution::Developer Documentation","English","Developer Documentation","开发人员文档","Active","dc.long-term_resolution-developer_documentation"
"Long-Term Resolution::Product Improvement","English","Product Improvement","产品优化","Active","dc.long-term_resolution-product_improvement"
"Long-Term Resolution::User Documentation","English","User Documentation","用户文档","Active","dc.long-term_resolution-user_documentation"
"Mega Menu::Account Support","English","Account Support","账户支持","Active","dc.mega_menu-account_support"
"Mega Menu::Account Support Description","English","Learn more about designated contacts for your project","","","dc.mega_menu-account_support_description"
"Mega Menu::Activation Keys","English","Activation Keys","许可证","Active","dc.mega_menu-activation_keys"
"Mega Menu::Activation Keys Description","English","Activate your environments to start a project","激活您的环境，开始您的项目","Active (Out of date)","dc.mega_menu-activation_keys_description"
"Mega Menu::Analytics Cloud","English","Analytics Cloud","Analytics Cloud","Active","dc.mega_menu-analytics_cloud"
"Mega Menu::Announcements","English","Announcements","通知","Active","dc.mega_menu-announcements"
"Mega Menu::Announcements Description","English","Updates on products and system improvements","关于产品，以及系统优化的更新","Active","dc.mega_menu-announcements_description"
"Mega Menu::Commerce","English","Commerce","Commerce","Active","dc.mega_menu-commerce"
"Mega Menu::Compatibility Matrix","English","Compatibility Matrix","兼容性列表","Active","dc.mega_menu-compatibility_matrix"
"Mega Menu::Compatibility Matrix Description","English","Supported configurations for Liferay products","Liferay产品支持的配置","Active","dc.mega_menu-compatibility_matrix_description"
"Mega Menu::Contact Us","English","Contact Us","联系我们","Active","dc.mega_menu-contact_us"
"Mega Menu::Documentation","English","Documentation","文档","Active","dc.mega_menu-documentation"
"Mega Menu::Documentation Description","English","Product guides, tutorials, and reference docs","产品指南，教程，参考文档","Active","dc.mega_menu-documentation_description"
"Mega Menu::Downloads","English","Downloads","下载","Active","dc.mega_menu-downloads"
"Mega Menu::Downloads Description","English","Products, service packs, fix packs, and security fixes","产品，整合服务包，补丁包，和安全修复","Active","dc.mega_menu-downloads_description"
"Mega Menu::DXP 7.0","English","DXP 7.0","DXP 7.0","Active","dc.mega_menu-dxp_7_0"
"Mega Menu::DXP 7.1","English","DXP 7.1","DXP 7.1","Active","dc.mega_menu-dxp_7_1"
"Mega Menu::DXP Cloud","English","DXP Cloud","DXP 7.1","Active","dc.mega_menu-dxp_cloud"
"Mega Menu::Fix Delivery Method","English","Fix Delivery Method","提供补丁修复的方式","Active","dc.mega_menu-fix_delivery_method"
"Mega Menu::Fix Delivery Method Description","English","How Liferay delivers software updates","Liferay如何发布软件更新","Active","dc.mega_menu-fix_delivery_method_description"
"Mega Menu::Fix Pack Tool","English","Fix Pack Tool","补丁工具","Active","dc.mega_menu-fix_pack_tool"
"Mega Menu::Fix Pack Tool Description","English","View highlights and release notes for Liferay DXP fix packs","Liferay DXP补丁包中修复的重点和发布说明","Active","dc.mega_menu-fix_pack_tool_description"
"Mega Menu::Knowledge Base","English","Knowledge Base","知识库","Active","dc.mega_menu-knowledge_base"
"Mega Menu::Knowledge Base Description","English","Articles on recurring topics, issues, and themes","关于重复出现的话题，问题和主题的文章库","Active (Out of date)","dc.mega_menu-knowledge_base_description"
"Mega Menu::My Tickets","English","My Tickets","我的票","Active","dc.mega_menu-my_tickets"
"Mega Menu::Overview","English","Security Overview","安全概览","Active","dc.mega_menu-overview"
"Mega Menu::Overview Description","English","How Liferay approaches security","Liferay如何处理安全问题","Active","dc.mega_menu-overview_description"
"Mega Menu::Portal 5.2","English","Portal 5.2","Portal 5.2","Active","dc.mega_menu-portal_5_2"
"Mega Menu::Portal 6.0","English","Portal 6.0","Portal 6.0","Active","dc.mega_menu-portal_6_0"
"Mega Menu::Portal 6.1","English","Portal 6.1","Portal 6.1","Active","dc.mega_menu-portal_6_1"
"Mega Menu::Portal 6.2","English","Portal 6.2","Portal 6.2","Active","dc.mega_menu-portal_6_2"
"Mega Menu::Products","English","Products","产品","Active","dc.mega_menu-products"
"Mega Menu::Project Details","English","Project Details","项目详情","Active","dc.mega_menu-project_details"
"Mega Menu::Reporting Security Issues","English","Reporting Security Issues","报道安全问题","Active","dc.mega_menu-reporting_security_issues"
"Mega Menu::Reporting Security Issues Description","English","Process for reporting security vulnerabilities","报道Liferay产品的安全问题的流程","Active (Out of date)","dc.mega_menu-reporting_security_issues_description"
"Mega Menu::Resources","English","Resources","资源","Active","dc.mega_menu-resources"
"Mega Menu::Security","English","Security","安全","Active","dc.mega_menu-security"
"Mega Menu::Security Advisories","English","Security Advisories","安全建议","Active","dc.mega_menu-security_advisories"
"Mega Menu::Security Advisories Description","English","Information and fixes for known vulnerabilities","报道Liferay产品的安全问题的政策","Active","dc.mega_menu-security_advisories_description"
"Mega Menu::Security and Disclosure Policy","English","Security Policies","安全策略","Active","dc.mega_menu-security_and_disclosure_policy"
"Mega Menu::Security and Disclosure Policy Description","English","Policy for reported security issues in Liferay products","Liferay产品安全问题处理策略","Active","dc.mega_menu-security_and_disclosure_policy_description"
"Mega Menu::Service Levels","English","Service Levels","服务级别","Active","dc.mega_menu-service_levels"
"Mega Menu::Service Levels Description","English","Benefits included with each subscription level","每个订阅级别包含的优势总结","Active (Out of date)","dc.mega_menu-service_levels_description"
"Mega Menu::Service Life","English","Service Life","服务支持的期限","Active","dc.mega_menu-service_life"
"Mega Menu::Service Life Description","English","End of life policies for Liferay products","每个产品的支持终止政策","Active","dc.mega_menu-service_life_description"
"Mega Menu::Submit a Ticket","English","Submit a Ticket","提交一个Ticket","Active","dc.mega_menu-submit_a_ticket"
"Mega Menu::Support","English","Support","技术支持","Active","dc.mega_menu-support"
"Mega Menu::Support Coverage","English","Support Coverage","支持范围","Active","dc.mega_menu-support_coverage"
"Mega Menu::Support Coverage Description","English","Overview of Liferay's support policies","Liferay Support支持范围概览","Active","dc.mega_menu-support_coverage_description"
"Mega Menu::Support FAQs","English","Support FAQ","关于支持的常见问题","Active (Out of date)","dc.mega_menu-support_faqs"
"Mega Menu::Support FAQs Description","English","Answers to common support-related questions","关于支持的常见问题答案","Active","dc.mega_menu-support_faqs_description"
"Mega Menu_Announcements","English","Announcements","通知","Active","dc.mega_menu_announcements"
"No Articles in Section","English","No Articles in Section","Section中无文章","Active","dc.no_articles_in_section"
"No Section in Category","English","No Section in Category","类别中无Section","Active","dc.no_section_in_category"
"Portal","English","Portal","Portal","Active","dc.portal"
"Products","English","Products","产品","Active","dc.products"
"Product Field::Liferay DXP","English","Liferay DXP","Liferay DXP","Active","dc.product_field-liferay_dxp"
"Product Field::Liferay Portal","English","Liferay Portal","Liferay Portal","Active","dc.product_field-liferay_portal"
"Product Field::Management Tools (LCS)","English","Management Tools (LCS)","管理工具(LCS)","Active","dc.product_field-management_tools_lcs"
"Product Field::Mobile Device Detection","English","Mobile Device Detection","移动设备检测","Active","dc.product_field-mobile_device_detection"
"Product Field::Mobile Experience","English","Mobile Experience","移动端体验","Active","dc.product_field-mobile_experience"
"Product Field::Productivity Tools (Sync)","English","Productivity Tools (Sync)","Productivity Tools (Sync)","Active","dc.product_field-productivity_tools_sync"
"Product Field::Social Office","English","Social Office","Social Office","Active","dc.product_field-social_office"
"Project Details","English","Project Details","项目详情","Active","dc.project_details"
"Quick Links","English","Quick Links","快捷链接","Active","dc.quick_links"
"Related Sites","English","Related Sites","相关网站","Active","dc.related_sites"
"Resources","English","Resources","资源","Active","dc.resources"
"Section::Fix Pack Update","English","Fix Pack Update","补丁包更新","Active","dc.section-fix_pack_update"
"Section::General","English","General","一般","Active","dc.section-general"
"Section::How-to","English","How-to","如何操作","Active","dc.section-how-to"
"Section::Not Supported","English","Not Supported","不支持","Active","dc.section-not_supported"
"Section::Product Release","English","Product Release","产品发布","Active","dc.section-product_release"
"Section::Security Alert","English","Security Alert","安全警告","Active","dc.section-security_alert"
"Section::Supported","English","Supported","支持的","Active","dc.section-supported"
"Section::Support Policy","English","Support Policy","支持政策","Active","dc.section-support_policy"
"Section::System Update","English","System Update","系统更新","Active","dc.section-system_update"
"Section::Troubleshooting","English","Troubleshooting","排错","Active","dc.section-troubleshooting"
"Security","English","Security","安全","Active","dc.security"
"Sorry We Searched Far Into Outer Space But Couldnt Find","English","Sorry! We searched far into outer space, but couldn't find","对不起！我们已经搜索了所有内容，未能找到","Active","dc.sorry_we_searched_far_into_outer_space_but_couldnt_find"
"Still Need Help","English","Still Need Help?","仍需帮助？","Active","dc.still_need_help"
"Sub-Status::Completed","English","Completed","已完成","Active","dc.sub-status-completed"
"Sub-Status::Reproduced","English","Reproduced","已重现","Active","dc.sub-status-reproduced"
"Sub-Status::Resolution Planning","English","Resolution Planning","解决方案计划中","Active","dc.sub-status-resolution_planning"
"Sub-Status::Solution Proposed","English","Solution Proposed","解决方案已提交","Active","dc.sub-status-solution_proposed"
"Subject Ticket Field - Title","English","Subject","主题","Active","dc.subject_ticket_field_-_title"
"Submit a Ticket","English","Submit a Ticket","提交一个Ticket","Active","dc.submit_a_ticket"
"Support","English","Support","支持","Active","dc.support"
"Support Information","English","Support Information","支持信息","Active","dc.support_information"
"System Status::Completely shutdown","English","Completely shutdown","完全宕机","Active","dc.system_status-completely_shutdown"
"System Status::Fully functional with observed errors","English","Fully functional with observed errors","运行正常，但出现报错","Active","dc.system_status-fully_functional_with_observed_errors"
"System Status::Functioning with limited capabilities","English","Functioning with limited capabilities","部分功能运行","Active","dc.system_status-functioning_with_limited_capabilities"
"System Status::General question about the product","English","General question about the product","关于产品的一般问题","Active","dc.system_status-general_question_about_the_product"
"System Status::Severely impacted or inoperable","English","Severely impacted or inoperable","严重受影响或无法操作","Active","dc.system_status-severely_impacted_or_inoperable"
"System Status::Unstable with periodic interruptions","English","Unstable with periodic interruptions","周期性中断不稳定","Active","dc.system_status-unstable_with_periodic_interruptions"
"Component::APIO Architect","English","APIO Architect","APIO 构架","Active","dc.ticket_view-apio_architect"
"Ticket View::Assignee","English","Assignee","分配的工程师","Active","dc.ticket_view-assignee"
"Ticket View::Component (Commerce)","English","Component","组件","Active","dc.ticket_view-component_commerce"
"Ticket View::Component (DXP)","English","Component","组件","Active","dc.ticket_view-component_dxp"
"Ticket View::Component (Portal)","English","Component","组件","Active","dc.ticket_view-component_portal"
"Ticket View::Description","English","Description","问题描述","Active","dc.ticket_view-description"
"Ticket View::Environment","English","Environment","环境","Active","dc.ticket_view-environment"
"Ticket View::File Attachment","English","Add large files over 20MB here","添加超过20MB的大文件","Active","dc.ticket_view-file_attachment"
"Ticket View::Long-Term Resolution","English","Long-Term Resolution","长远解决方案","Active","dc.ticket_view-long-term_resolution"
"Ticket View::Priority","English","Priority","优先级","Active","dc.ticket_view-priority"
"Ticket View::Product","English","Product","产品","Active","dc.ticket_view-product"
"Ticket View::Sub-Status","English","Sub-Status","子状态","Active","dc.ticket_view-sub-status"
"Ticket View::Subject","English","Subject","标题","Active","dc.ticket_view-subject"
"Ticket View::System Stable","English","System Stable","系统稳定","Active","dc.ticket_view-system_stable"
"Ticket View::System Status","English","System Status","系统状态","Active","dc.ticket_view-system_status"
"View All","English","View All","浏览所有","Active","dc.view_all"
"We are sorry but you do not have access to submit a support ticket","English","We are sorry, but you do not have access to submit a support ticket.","抱歉，您尚无权限创建一个票","Active","dc.we_are_sorry_but_you_do_not_have_access_to_submit_a_support_ticket"
